#
# TABLE STRUCTURE FOR: communities
#

DROP TABLE IF EXISTS `communities`;

CREATE TABLE `communities` (
  `id` int(10) unsigned NOT NULL AUTO_INCREMENT,
  `name` varchar(150) COLLATE utf8_unicode_ci NOT NULL,
  PRIMARY KEY (`id`),
  UNIQUE KEY `name` (`name`)
) ENGINE=InnoDB AUTO_INCREMENT=101 DEFAULT CHARSET=utf8 COLLATE=utf8_unicode_ci;

INSERT INTO `communities` (`id`, `name`) VALUES (11, 'Ab harum earum occaecati omnis enim.');
INSERT INTO `communities` (`id`, `name`) VALUES (48, 'Accusamus iste sed non animi.');
INSERT INTO `communities` (`id`, `name`) VALUES (33, 'Alias sed perspiciatis earum non.');
INSERT INTO `communities` (`id`, `name`) VALUES (17, 'Architecto esse ut nihil dignissimos mollitia.');
INSERT INTO `communities` (`id`, `name`) VALUES (52, 'Assumenda quia voluptate reiciendis dolorem nesciunt saepe.');
INSERT INTO `communities` (`id`, `name`) VALUES (62, 'At amet qui ea nostrum in vel qui.');
INSERT INTO `communities` (`id`, `name`) VALUES (82, 'Aut et atque molestias non ullam quia a.');
INSERT INTO `communities` (`id`, `name`) VALUES (2, 'Aut odio perspiciatis enim mollitia.');
INSERT INTO `communities` (`id`, `name`) VALUES (93, 'Aut sed accusamus veniam omnis officia est aperiam saepe.');
INSERT INTO `communities` (`id`, `name`) VALUES (89, 'Commodi odio quisquam voluptas delectus.');
INSERT INTO `communities` (`id`, `name`) VALUES (1, 'Corporis assumenda facere velit reprehenderit rerum.');
INSERT INTO `communities` (`id`, `name`) VALUES (94, 'Corrupti soluta et labore eligendi sunt non.');
INSERT INTO `communities` (`id`, `name`) VALUES (92, 'Cum nisi id accusamus rerum et omnis.');
INSERT INTO `communities` (`id`, `name`) VALUES (95, 'Delectus est quibusdam voluptatibus illo.');
INSERT INTO `communities` (`id`, `name`) VALUES (100, 'Dignissimos et esse ab mollitia.');
INSERT INTO `communities` (`id`, `name`) VALUES (3, 'Dolore quaerat est modi facere magnam libero.');
INSERT INTO `communities` (`id`, `name`) VALUES (49, 'Dolorem placeat soluta rerum rerum doloribus esse modi.');
INSERT INTO `communities` (`id`, `name`) VALUES (83, 'Doloremque et modi occaecati eos aut numquam voluptatem.');
INSERT INTO `communities` (`id`, `name`) VALUES (64, 'Doloribus quaerat inventore quas explicabo libero cum distinctio.');
INSERT INTO `communities` (`id`, `name`) VALUES (18, 'Ducimus inventore et et porro qui nobis aut.');
INSERT INTO `communities` (`id`, `name`) VALUES (71, 'Ea et ratione asperiores omnis architecto tempore sunt blanditiis.');
INSERT INTO `communities` (`id`, `name`) VALUES (55, 'Ea expedita repudiandae ducimus pariatur.');
INSERT INTO `communities` (`id`, `name`) VALUES (60, 'Eius non reprehenderit voluptatem aut omnis aperiam minus.');
INSERT INTO `communities` (`id`, `name`) VALUES (63, 'Eligendi aut laboriosam corporis ipsam quos.');
INSERT INTO `communities` (`id`, `name`) VALUES (20, 'Eligendi voluptatem distinctio quis eos sint nostrum voluptatem laudantium.');
INSERT INTO `communities` (`id`, `name`) VALUES (87, 'Enim aut dolores omnis occaecati repellat mollitia qui.');
INSERT INTO `communities` (`id`, `name`) VALUES (25, 'Enim autem sint molestias quae laborum.');
INSERT INTO `communities` (`id`, `name`) VALUES (79, 'Enim est impedit quisquam praesentium eos mollitia.');
INSERT INTO `communities` (`id`, `name`) VALUES (75, 'Error eveniet repudiandae dolores minus.');
INSERT INTO `communities` (`id`, `name`) VALUES (85, 'Et aut est dignissimos quia.');
INSERT INTO `communities` (`id`, `name`) VALUES (28, 'Et consequatur incidunt nobis eligendi.');
INSERT INTO `communities` (`id`, `name`) VALUES (19, 'Et sed deleniti qui dolor fugit.');
INSERT INTO `communities` (`id`, `name`) VALUES (56, 'Et voluptatem dolores fugit voluptatem non facere molestiae.');
INSERT INTO `communities` (`id`, `name`) VALUES (37, 'Eum ducimus enim eos voluptas et.');
INSERT INTO `communities` (`id`, `name`) VALUES (30, 'Eum eos et est assumenda.');
INSERT INTO `communities` (`id`, `name`) VALUES (61, 'Eveniet eveniet nihil error voluptatem.');
INSERT INTO `communities` (`id`, `name`) VALUES (7, 'Expedita accusantium ut quas laboriosam quam sunt molestias.');
INSERT INTO `communities` (`id`, `name`) VALUES (12, 'Illo tenetur magnam consequatur deserunt eaque.');
INSERT INTO `communities` (`id`, `name`) VALUES (8, 'Illo velit ex quas consequatur.');
INSERT INTO `communities` (`id`, `name`) VALUES (86, 'Impedit sunt dicta alias quia voluptas aut aut.');
INSERT INTO `communities` (`id`, `name`) VALUES (31, 'In qui doloremque et aut laboriosam laboriosam eos.');
INSERT INTO `communities` (`id`, `name`) VALUES (21, 'Ipsum error est non libero.');
INSERT INTO `communities` (`id`, `name`) VALUES (41, 'Ipsum sunt hic nesciunt aperiam soluta reiciendis aut sapiente.');
INSERT INTO `communities` (`id`, `name`) VALUES (74, 'Iure adipisci ducimus iusto aut.');
INSERT INTO `communities` (`id`, `name`) VALUES (96, 'Iure repellat perspiciatis nemo quod.');
INSERT INTO `communities` (`id`, `name`) VALUES (81, 'Magnam distinctio maxime facilis sed aperiam commodi quia quae.');
INSERT INTO `communities` (`id`, `name`) VALUES (29, 'Mollitia error qui omnis.');
INSERT INTO `communities` (`id`, `name`) VALUES (77, 'Necessitatibus tempora facere et ab et eos dolorum.');
INSERT INTO `communities` (`id`, `name`) VALUES (40, 'Nemo ex ea officia et.');
INSERT INTO `communities` (`id`, `name`) VALUES (54, 'Nemo minus corporis dolor et voluptas quam quia.');
INSERT INTO `communities` (`id`, `name`) VALUES (34, 'Non et excepturi aut placeat sunt culpa vitae.');
INSERT INTO `communities` (`id`, `name`) VALUES (98, 'Non qui temporibus ducimus enim voluptatem quod alias.');
INSERT INTO `communities` (`id`, `name`) VALUES (26, 'Nostrum reprehenderit assumenda excepturi hic nulla.');
INSERT INTO `communities` (`id`, `name`) VALUES (57, 'Nulla dicta saepe est.');
INSERT INTO `communities` (`id`, `name`) VALUES (51, 'Nulla perspiciatis sint quia.');
INSERT INTO `communities` (`id`, `name`) VALUES (42, 'Odio consectetur eum ad enim.');
INSERT INTO `communities` (`id`, `name`) VALUES (10, 'Officia fugiat in sed ut.');
INSERT INTO `communities` (`id`, `name`) VALUES (22, 'Officia ut quis consequatur dolores sint voluptatem tenetur.');
INSERT INTO `communities` (`id`, `name`) VALUES (67, 'Omnis impedit ipsam sit.');
INSERT INTO `communities` (`id`, `name`) VALUES (78, 'Pariatur ut rerum enim inventore.');
INSERT INTO `communities` (`id`, `name`) VALUES (5, 'Quae eos aliquid voluptatem et suscipit corrupti beatae.');
INSERT INTO `communities` (`id`, `name`) VALUES (9, 'Quae laborum molestiae velit facere.');
INSERT INTO `communities` (`id`, `name`) VALUES (73, 'Quasi rerum enim maiores eligendi.');
INSERT INTO `communities` (`id`, `name`) VALUES (80, 'Qui culpa praesentium voluptate reiciendis mollitia.');
INSERT INTO `communities` (`id`, `name`) VALUES (14, 'Qui eos sequi sint animi nostrum laboriosam aut.');
INSERT INTO `communities` (`id`, `name`) VALUES (69, 'Qui exercitationem iure placeat quidem.');
INSERT INTO `communities` (`id`, `name`) VALUES (50, 'Qui fuga molestiae mollitia voluptatibus nihil quod et.');
INSERT INTO `communities` (`id`, `name`) VALUES (99, 'Qui quasi id consectetur rerum in ipsum impedit debitis.');
INSERT INTO `communities` (`id`, `name`) VALUES (43, 'Qui quia soluta cupiditate iure quia culpa temporibus.');
INSERT INTO `communities` (`id`, `name`) VALUES (66, 'Quia asperiores impedit omnis nam illo.');
INSERT INTO `communities` (`id`, `name`) VALUES (59, 'Quia consequatur omnis eveniet maxime facilis architecto ut nisi.');
INSERT INTO `communities` (`id`, `name`) VALUES (13, 'Quidem aut quos qui in nihil ipsum eos.');
INSERT INTO `communities` (`id`, `name`) VALUES (76, 'Quidem enim dolor eaque amet quis ratione maxime.');
INSERT INTO `communities` (`id`, `name`) VALUES (84, 'Quod repellendus dolor est sapiente suscipit perferendis.');
INSERT INTO `communities` (`id`, `name`) VALUES (47, 'Quos recusandae aut doloribus corporis tempore.');
INSERT INTO `communities` (`id`, `name`) VALUES (45, 'Ratione voluptas sapiente sed voluptas facere est dolor.');
INSERT INTO `communities` (`id`, `name`) VALUES (46, 'Reiciendis ut sit rerum earum itaque ut ut.');
INSERT INTO `communities` (`id`, `name`) VALUES (90, 'Rem sapiente maiores unde dolor consequatur libero sequi.');
INSERT INTO `communities` (`id`, `name`) VALUES (15, 'Repellat quis cupiditate odio recusandae sint.');
INSERT INTO `communities` (`id`, `name`) VALUES (16, 'Repellat sit ex laborum voluptatem.');
INSERT INTO `communities` (`id`, `name`) VALUES (36, 'Reprehenderit fugiat adipisci odio laudantium fugiat.');
INSERT INTO `communities` (`id`, `name`) VALUES (4, 'Rerum incidunt vel tempora consequatur reprehenderit excepturi pariatur.');
INSERT INTO `communities` (`id`, `name`) VALUES (70, 'Rerum numquam vero excepturi sunt minus.');
INSERT INTO `communities` (`id`, `name`) VALUES (72, 'Rerum optio repellat consequatur ut.');
INSERT INTO `communities` (`id`, `name`) VALUES (35, 'Sapiente consequatur labore quae aut quisquam delectus voluptas eum.');
INSERT INTO `communities` (`id`, `name`) VALUES (44, 'Similique quis et sint deleniti labore.');
INSERT INTO `communities` (`id`, `name`) VALUES (38, 'Sint consequuntur libero debitis est inventore.');
INSERT INTO `communities` (`id`, `name`) VALUES (68, 'Sit dolorem optio quidem quia aliquid beatae.');
INSERT INTO `communities` (`id`, `name`) VALUES (53, 'Sunt consequatur adipisci et officiis corporis cum voluptatem.');
INSERT INTO `communities` (`id`, `name`) VALUES (6, 'Sunt nostrum ullam autem repellat maiores ducimus cupiditate.');
INSERT INTO `communities` (`id`, `name`) VALUES (65, 'Sunt ut nisi earum eum quia quas fugiat.');
INSERT INTO `communities` (`id`, `name`) VALUES (91, 'Tempora aut inventore qui et sit quam rerum.');
INSERT INTO `communities` (`id`, `name`) VALUES (24, 'Ut incidunt enim eum sit consequatur nostrum.');
INSERT INTO `communities` (`id`, `name`) VALUES (39, 'Ut ipsa voluptas fugiat officiis itaque sit.');
INSERT INTO `communities` (`id`, `name`) VALUES (32, 'Ut occaecati pariatur quis deserunt earum rerum.');
INSERT INTO `communities` (`id`, `name`) VALUES (27, 'Vel harum minima qui.');
INSERT INTO `communities` (`id`, `name`) VALUES (23, 'Vitae et exercitationem maxime explicabo enim aut voluptatem.');
INSERT INTO `communities` (`id`, `name`) VALUES (88, 'Voluptatem sequi nam impedit.');
INSERT INTO `communities` (`id`, `name`) VALUES (97, 'Voluptatibus deserunt eos deleniti esse sint veniam tenetur.');
INSERT INTO `communities` (`id`, `name`) VALUES (58, 'Voluptatum sapiente temporibus et voluptas repellendus est laudantium modi.');


#
# TABLE STRUCTURE FOR: communities_users
#

DROP TABLE IF EXISTS `communities_users`;

CREATE TABLE `communities_users` (
  `community_id` int(10) unsigned NOT NULL,
  `user_id` int(10) unsigned NOT NULL,
  `user_role` varchar(20) COLLATE utf8_unicode_ci NOT NULL,
  PRIMARY KEY (`community_id`,`user_id`)
) ENGINE=InnoDB DEFAULT CHARSET=utf8 COLLATE=utf8_unicode_ci;

INSERT INTO `communities_users` (`community_id`, `user_id`, `user_role`) VALUES (1, 28, 'admin');
INSERT INTO `communities_users` (`community_id`, `user_id`, `user_role`) VALUES (2, 84, ' participant');
INSERT INTO `communities_users` (`community_id`, `user_id`, `user_role`) VALUES (3, 10, ' participant');
INSERT INTO `communities_users` (`community_id`, `user_id`, `user_role`) VALUES (4, 97, ' participant');
INSERT INTO `communities_users` (`community_id`, `user_id`, `user_role`) VALUES (5, 22, ' participant');
INSERT INTO `communities_users` (`community_id`, `user_id`, `user_role`) VALUES (6, 13, ' participant');
INSERT INTO `communities_users` (`community_id`, `user_id`, `user_role`) VALUES (7, 65, 'admin');
INSERT INTO `communities_users` (`community_id`, `user_id`, `user_role`) VALUES (8, 55, 'admin');
INSERT INTO `communities_users` (`community_id`, `user_id`, `user_role`) VALUES (9, 79, ' participant');
INSERT INTO `communities_users` (`community_id`, `user_id`, `user_role`) VALUES (10, 44, ' participant');
INSERT INTO `communities_users` (`community_id`, `user_id`, `user_role`) VALUES (11, 98, ' participant');
INSERT INTO `communities_users` (`community_id`, `user_id`, `user_role`) VALUES (12, 61, 'admin');
INSERT INTO `communities_users` (`community_id`, `user_id`, `user_role`) VALUES (13, 39, 'admin');
INSERT INTO `communities_users` (`community_id`, `user_id`, `user_role`) VALUES (14, 43, ' participant');
INSERT INTO `communities_users` (`community_id`, `user_id`, `user_role`) VALUES (15, 85, 'admin');
INSERT INTO `communities_users` (`community_id`, `user_id`, `user_role`) VALUES (16, 11, ' participant');
INSERT INTO `communities_users` (`community_id`, `user_id`, `user_role`) VALUES (17, 14, 'admin');
INSERT INTO `communities_users` (`community_id`, `user_id`, `user_role`) VALUES (18, 67, ' participant');
INSERT INTO `communities_users` (`community_id`, `user_id`, `user_role`) VALUES (19, 21, ' participant');
INSERT INTO `communities_users` (`community_id`, `user_id`, `user_role`) VALUES (20, 57, ' participant');
INSERT INTO `communities_users` (`community_id`, `user_id`, `user_role`) VALUES (21, 94, ' participant');
INSERT INTO `communities_users` (`community_id`, `user_id`, `user_role`) VALUES (22, 78, ' participant');
INSERT INTO `communities_users` (`community_id`, `user_id`, `user_role`) VALUES (23, 41, 'admin');
INSERT INTO `communities_users` (`community_id`, `user_id`, `user_role`) VALUES (24, 48, ' participant');
INSERT INTO `communities_users` (`community_id`, `user_id`, `user_role`) VALUES (25, 9, ' participant');
INSERT INTO `communities_users` (`community_id`, `user_id`, `user_role`) VALUES (26, 43, ' participant');
INSERT INTO `communities_users` (`community_id`, `user_id`, `user_role`) VALUES (27, 1, ' participant');
INSERT INTO `communities_users` (`community_id`, `user_id`, `user_role`) VALUES (28, 65, ' participant');
INSERT INTO `communities_users` (`community_id`, `user_id`, `user_role`) VALUES (29, 79, ' participant');
INSERT INTO `communities_users` (`community_id`, `user_id`, `user_role`) VALUES (30, 99, 'admin');
INSERT INTO `communities_users` (`community_id`, `user_id`, `user_role`) VALUES (31, 48, 'admin');
INSERT INTO `communities_users` (`community_id`, `user_id`, `user_role`) VALUES (32, 30, ' participant');
INSERT INTO `communities_users` (`community_id`, `user_id`, `user_role`) VALUES (33, 14, 'admin');
INSERT INTO `communities_users` (`community_id`, `user_id`, `user_role`) VALUES (34, 22, 'admin');
INSERT INTO `communities_users` (`community_id`, `user_id`, `user_role`) VALUES (35, 63, ' participant');
INSERT INTO `communities_users` (`community_id`, `user_id`, `user_role`) VALUES (36, 98, ' participant');
INSERT INTO `communities_users` (`community_id`, `user_id`, `user_role`) VALUES (37, 20, ' participant');
INSERT INTO `communities_users` (`community_id`, `user_id`, `user_role`) VALUES (38, 79, 'admin');
INSERT INTO `communities_users` (`community_id`, `user_id`, `user_role`) VALUES (39, 49, 'admin');
INSERT INTO `communities_users` (`community_id`, `user_id`, `user_role`) VALUES (40, 59, ' participant');
INSERT INTO `communities_users` (`community_id`, `user_id`, `user_role`) VALUES (41, 57, ' participant');
INSERT INTO `communities_users` (`community_id`, `user_id`, `user_role`) VALUES (42, 16, ' participant');
INSERT INTO `communities_users` (`community_id`, `user_id`, `user_role`) VALUES (43, 100, ' participant');
INSERT INTO `communities_users` (`community_id`, `user_id`, `user_role`) VALUES (44, 20, ' participant');
INSERT INTO `communities_users` (`community_id`, `user_id`, `user_role`) VALUES (45, 65, 'admin');
INSERT INTO `communities_users` (`community_id`, `user_id`, `user_role`) VALUES (46, 32, 'admin');
INSERT INTO `communities_users` (`community_id`, `user_id`, `user_role`) VALUES (47, 6, 'admin');
INSERT INTO `communities_users` (`community_id`, `user_id`, `user_role`) VALUES (48, 39, ' participant');
INSERT INTO `communities_users` (`community_id`, `user_id`, `user_role`) VALUES (49, 87, ' participant');
INSERT INTO `communities_users` (`community_id`, `user_id`, `user_role`) VALUES (50, 14, ' participant');
INSERT INTO `communities_users` (`community_id`, `user_id`, `user_role`) VALUES (51, 81, ' participant');
INSERT INTO `communities_users` (`community_id`, `user_id`, `user_role`) VALUES (52, 15, ' participant');
INSERT INTO `communities_users` (`community_id`, `user_id`, `user_role`) VALUES (53, 27, ' participant');
INSERT INTO `communities_users` (`community_id`, `user_id`, `user_role`) VALUES (54, 97, ' participant');
INSERT INTO `communities_users` (`community_id`, `user_id`, `user_role`) VALUES (55, 70, ' participant');
INSERT INTO `communities_users` (`community_id`, `user_id`, `user_role`) VALUES (56, 51, ' participant');
INSERT INTO `communities_users` (`community_id`, `user_id`, `user_role`) VALUES (57, 13, ' participant');
INSERT INTO `communities_users` (`community_id`, `user_id`, `user_role`) VALUES (58, 33, ' participant');
INSERT INTO `communities_users` (`community_id`, `user_id`, `user_role`) VALUES (59, 97, ' participant');
INSERT INTO `communities_users` (`community_id`, `user_id`, `user_role`) VALUES (60, 22, 'admin');
INSERT INTO `communities_users` (`community_id`, `user_id`, `user_role`) VALUES (61, 83, 'admin');
INSERT INTO `communities_users` (`community_id`, `user_id`, `user_role`) VALUES (62, 4, ' participant');
INSERT INTO `communities_users` (`community_id`, `user_id`, `user_role`) VALUES (63, 36, ' participant');
INSERT INTO `communities_users` (`community_id`, `user_id`, `user_role`) VALUES (64, 12, ' participant');
INSERT INTO `communities_users` (`community_id`, `user_id`, `user_role`) VALUES (65, 87, ' participant');
INSERT INTO `communities_users` (`community_id`, `user_id`, `user_role`) VALUES (66, 54, ' participant');
INSERT INTO `communities_users` (`community_id`, `user_id`, `user_role`) VALUES (67, 40, ' participant');
INSERT INTO `communities_users` (`community_id`, `user_id`, `user_role`) VALUES (68, 67, 'admin');
INSERT INTO `communities_users` (`community_id`, `user_id`, `user_role`) VALUES (69, 49, ' participant');
INSERT INTO `communities_users` (`community_id`, `user_id`, `user_role`) VALUES (70, 24, 'admin');
INSERT INTO `communities_users` (`community_id`, `user_id`, `user_role`) VALUES (71, 58, ' participant');
INSERT INTO `communities_users` (`community_id`, `user_id`, `user_role`) VALUES (72, 41, 'admin');
INSERT INTO `communities_users` (`community_id`, `user_id`, `user_role`) VALUES (73, 79, ' participant');
INSERT INTO `communities_users` (`community_id`, `user_id`, `user_role`) VALUES (74, 81, ' participant');
INSERT INTO `communities_users` (`community_id`, `user_id`, `user_role`) VALUES (75, 24, 'admin');
INSERT INTO `communities_users` (`community_id`, `user_id`, `user_role`) VALUES (76, 16, 'admin');
INSERT INTO `communities_users` (`community_id`, `user_id`, `user_role`) VALUES (77, 74, 'admin');
INSERT INTO `communities_users` (`community_id`, `user_id`, `user_role`) VALUES (78, 27, ' participant');
INSERT INTO `communities_users` (`community_id`, `user_id`, `user_role`) VALUES (79, 56, ' participant');
INSERT INTO `communities_users` (`community_id`, `user_id`, `user_role`) VALUES (80, 49, ' participant');
INSERT INTO `communities_users` (`community_id`, `user_id`, `user_role`) VALUES (81, 39, 'admin');
INSERT INTO `communities_users` (`community_id`, `user_id`, `user_role`) VALUES (82, 50, ' participant');
INSERT INTO `communities_users` (`community_id`, `user_id`, `user_role`) VALUES (83, 76, 'admin');
INSERT INTO `communities_users` (`community_id`, `user_id`, `user_role`) VALUES (84, 97, 'admin');
INSERT INTO `communities_users` (`community_id`, `user_id`, `user_role`) VALUES (85, 94, ' participant');
INSERT INTO `communities_users` (`community_id`, `user_id`, `user_role`) VALUES (86, 79, ' participant');
INSERT INTO `communities_users` (`community_id`, `user_id`, `user_role`) VALUES (87, 48, ' participant');
INSERT INTO `communities_users` (`community_id`, `user_id`, `user_role`) VALUES (88, 14, 'admin');
INSERT INTO `communities_users` (`community_id`, `user_id`, `user_role`) VALUES (89, 76, ' participant');
INSERT INTO `communities_users` (`community_id`, `user_id`, `user_role`) VALUES (90, 34, ' participant');
INSERT INTO `communities_users` (`community_id`, `user_id`, `user_role`) VALUES (91, 15, 'admin');
INSERT INTO `communities_users` (`community_id`, `user_id`, `user_role`) VALUES (92, 72, 'admin');
INSERT INTO `communities_users` (`community_id`, `user_id`, `user_role`) VALUES (93, 6, ' participant');
INSERT INTO `communities_users` (`community_id`, `user_id`, `user_role`) VALUES (94, 82, 'admin');
INSERT INTO `communities_users` (`community_id`, `user_id`, `user_role`) VALUES (95, 75, ' participant');
INSERT INTO `communities_users` (`community_id`, `user_id`, `user_role`) VALUES (96, 38, 'admin');
INSERT INTO `communities_users` (`community_id`, `user_id`, `user_role`) VALUES (97, 100, 'admin');
INSERT INTO `communities_users` (`community_id`, `user_id`, `user_role`) VALUES (98, 79, 'admin');
INSERT INTO `communities_users` (`community_id`, `user_id`, `user_role`) VALUES (99, 100, ' participant');
INSERT INTO `communities_users` (`community_id`, `user_id`, `user_role`) VALUES (100, 78, 'admin');


#
# TABLE STRUCTURE FOR: friendship
#

DROP TABLE IF EXISTS `friendship`;

CREATE TABLE `friendship` (
  `user_id` int(10) unsigned NOT NULL,
  `friend_id` int(10) unsigned NOT NULL,
  `status` varchar(20) COLLATE utf8_unicode_ci NOT NULL,
  `requested_at` datetime DEFAULT current_timestamp(),
  `confirmed_at` datetime DEFAULT NULL,
  PRIMARY KEY (`user_id`,`friend_id`)
) ENGINE=InnoDB DEFAULT CHARSET=utf8 COLLATE=utf8_unicode_ci;

INSERT INTO `friendship` (`user_id`, `friend_id`, `status`, `requested_at`, `confirmed_at`) VALUES (1, 28, 'Expedita id consequa', '1975-02-01 12:33:21', '1992-07-03 18:45:44');
INSERT INTO `friendship` (`user_id`, `friend_id`, `status`, `requested_at`, `confirmed_at`) VALUES (1, 52, 'Expedita numquam eos', '1982-03-17 16:46:28', '2012-05-31 12:31:41');
INSERT INTO `friendship` (`user_id`, `friend_id`, `status`, `requested_at`, `confirmed_at`) VALUES (2, 9, 'Excepturi rem molest', '1988-02-06 03:57:53', '2005-12-21 12:12:28');
INSERT INTO `friendship` (`user_id`, `friend_id`, `status`, `requested_at`, `confirmed_at`) VALUES (2, 22, 'Eos quidem dolor ab ', '1972-03-14 12:22:33', '2003-12-24 01:12:53');
INSERT INTO `friendship` (`user_id`, `friend_id`, `status`, `requested_at`, `confirmed_at`) VALUES (3, 33, 'Et cumque quod omnis', '1983-03-03 22:59:29', '1974-02-23 01:30:08');
INSERT INTO `friendship` (`user_id`, `friend_id`, `status`, `requested_at`, `confirmed_at`) VALUES (4, 22, 'Unde quos fuga perfe', '2009-02-26 10:33:41', '2003-07-14 09:48:16');
INSERT INTO `friendship` (`user_id`, `friend_id`, `status`, `requested_at`, `confirmed_at`) VALUES (4, 80, 'Rerum explicabo qui ', '1995-09-13 19:29:24', '1980-05-20 04:20:52');
INSERT INTO `friendship` (`user_id`, `friend_id`, `status`, `requested_at`, `confirmed_at`) VALUES (5, 81, 'Ea modi voluptatem q', '1998-04-19 11:42:46', '1971-12-01 23:24:41');
INSERT INTO `friendship` (`user_id`, `friend_id`, `status`, `requested_at`, `confirmed_at`) VALUES (7, 32, 'Optio dolores in vol', '2003-01-13 22:37:08', '1979-07-23 02:59:16');
INSERT INTO `friendship` (`user_id`, `friend_id`, `status`, `requested_at`, `confirmed_at`) VALUES (10, 15, 'Deleniti repudiandae', '2004-03-14 16:11:06', '2009-06-24 09:44:11');
INSERT INTO `friendship` (`user_id`, `friend_id`, `status`, `requested_at`, `confirmed_at`) VALUES (10, 72, 'Sit sint repellat ut', '2012-02-18 04:31:11', '1972-12-24 13:36:23');
INSERT INTO `friendship` (`user_id`, `friend_id`, `status`, `requested_at`, `confirmed_at`) VALUES (11, 83, 'Velit libero nesciun', '2017-12-18 05:07:28', '2016-12-09 08:21:17');
INSERT INTO `friendship` (`user_id`, `friend_id`, `status`, `requested_at`, `confirmed_at`) VALUES (13, 76, 'Est quae velit dolor', '1971-04-19 12:39:59', '1989-12-25 15:03:51');
INSERT INTO `friendship` (`user_id`, `friend_id`, `status`, `requested_at`, `confirmed_at`) VALUES (13, 81, 'Non culpa commodi po', '2004-11-07 06:02:43', '1973-05-08 02:23:42');
INSERT INTO `friendship` (`user_id`, `friend_id`, `status`, `requested_at`, `confirmed_at`) VALUES (14, 3, 'Culpa est voluptatem', '2015-05-17 23:28:54', '1988-11-13 19:22:06');
INSERT INTO `friendship` (`user_id`, `friend_id`, `status`, `requested_at`, `confirmed_at`) VALUES (14, 13, 'Accusantium eum illu', '1993-02-10 02:51:12', '2017-03-14 12:42:38');
INSERT INTO `friendship` (`user_id`, `friend_id`, `status`, `requested_at`, `confirmed_at`) VALUES (15, 82, 'Ut non adipisci mini', '1985-05-23 19:51:41', '2013-06-22 20:52:50');
INSERT INTO `friendship` (`user_id`, `friend_id`, `status`, `requested_at`, `confirmed_at`) VALUES (15, 99, 'Laudantium omnis dis', '2019-02-01 23:32:16', '2001-06-17 04:05:47');
INSERT INTO `friendship` (`user_id`, `friend_id`, `status`, `requested_at`, `confirmed_at`) VALUES (18, 64, 'Accusamus quas iusto', '1982-01-19 02:40:16', '1986-01-22 09:41:21');
INSERT INTO `friendship` (`user_id`, `friend_id`, `status`, `requested_at`, `confirmed_at`) VALUES (19, 16, 'Commodi amet praesen', '2015-05-03 17:35:59', '1983-11-16 03:39:43');
INSERT INTO `friendship` (`user_id`, `friend_id`, `status`, `requested_at`, `confirmed_at`) VALUES (19, 17, 'Est neque sequi quae', '2015-10-22 20:01:36', '1988-03-30 06:48:21');
INSERT INTO `friendship` (`user_id`, `friend_id`, `status`, `requested_at`, `confirmed_at`) VALUES (19, 63, 'Facere nam delectus ', '2003-08-29 05:31:37', '2019-03-15 06:26:19');
INSERT INTO `friendship` (`user_id`, `friend_id`, `status`, `requested_at`, `confirmed_at`) VALUES (22, 97, 'Modi blanditiis ut v', '1993-03-26 11:39:44', '1991-05-21 23:25:13');
INSERT INTO `friendship` (`user_id`, `friend_id`, `status`, `requested_at`, `confirmed_at`) VALUES (23, 40, 'Quam reprehenderit c', '1986-03-06 16:54:41', '2018-08-30 14:46:31');
INSERT INTO `friendship` (`user_id`, `friend_id`, `status`, `requested_at`, `confirmed_at`) VALUES (24, 17, 'Sequi magnam impedit', '2018-06-25 00:00:03', '2006-10-29 15:48:03');
INSERT INTO `friendship` (`user_id`, `friend_id`, `status`, `requested_at`, `confirmed_at`) VALUES (24, 56, 'Voluptatibus volupta', '1989-04-09 11:11:59', '2015-01-17 05:56:04');
INSERT INTO `friendship` (`user_id`, `friend_id`, `status`, `requested_at`, `confirmed_at`) VALUES (25, 31, 'Distinctio hic quos ', '2004-08-15 16:18:54', '1997-09-06 00:22:14');
INSERT INTO `friendship` (`user_id`, `friend_id`, `status`, `requested_at`, `confirmed_at`) VALUES (25, 46, 'Et vel eligendi quo ', '1992-07-21 07:27:09', '1992-05-27 17:59:50');
INSERT INTO `friendship` (`user_id`, `friend_id`, `status`, `requested_at`, `confirmed_at`) VALUES (25, 60, 'Minima qui illo temp', '1990-08-01 04:04:49', '1981-07-17 12:03:57');
INSERT INTO `friendship` (`user_id`, `friend_id`, `status`, `requested_at`, `confirmed_at`) VALUES (27, 88, 'Voluptas voluptatem ', '1994-04-28 07:36:35', '1981-10-01 02:26:35');
INSERT INTO `friendship` (`user_id`, `friend_id`, `status`, `requested_at`, `confirmed_at`) VALUES (27, 97, 'Vero itaque corporis', '2014-09-27 01:49:45', '2006-09-18 22:01:59');
INSERT INTO `friendship` (`user_id`, `friend_id`, `status`, `requested_at`, `confirmed_at`) VALUES (28, 41, 'Dolor alias fugiat a', '1983-11-12 01:54:56', '1984-02-17 15:31:31');
INSERT INTO `friendship` (`user_id`, `friend_id`, `status`, `requested_at`, `confirmed_at`) VALUES (31, 76, 'Quaerat illum sint d', '1993-05-30 08:14:22', '1972-06-26 11:43:16');
INSERT INTO `friendship` (`user_id`, `friend_id`, `status`, `requested_at`, `confirmed_at`) VALUES (31, 83, 'Dolorem aut sapiente', '1980-11-22 19:13:15', '1970-04-07 17:18:03');
INSERT INTO `friendship` (`user_id`, `friend_id`, `status`, `requested_at`, `confirmed_at`) VALUES (33, 86, 'Quas sint accusantiu', '1984-11-26 21:37:32', '2018-12-06 22:57:47');
INSERT INTO `friendship` (`user_id`, `friend_id`, `status`, `requested_at`, `confirmed_at`) VALUES (34, 10, 'Quam aspernatur ipsa', '1981-06-23 12:10:59', '1974-04-11 04:35:30');
INSERT INTO `friendship` (`user_id`, `friend_id`, `status`, `requested_at`, `confirmed_at`) VALUES (34, 48, 'Numquam ea dignissim', '1991-12-29 12:21:06', '1974-02-27 18:29:34');
INSERT INTO `friendship` (`user_id`, `friend_id`, `status`, `requested_at`, `confirmed_at`) VALUES (34, 56, 'Aut fuga consectetur', '1985-03-02 20:13:31', '2019-07-23 05:15:08');
INSERT INTO `friendship` (`user_id`, `friend_id`, `status`, `requested_at`, `confirmed_at`) VALUES (34, 85, 'Sed eos illo consequ', '1989-06-30 06:16:40', '1993-06-12 19:28:29');
INSERT INTO `friendship` (`user_id`, `friend_id`, `status`, `requested_at`, `confirmed_at`) VALUES (34, 99, 'Placeat rem ipsam do', '2001-05-29 09:58:36', '1995-07-11 19:32:03');
INSERT INTO `friendship` (`user_id`, `friend_id`, `status`, `requested_at`, `confirmed_at`) VALUES (35, 10, 'Illo enim et quia ea', '1979-08-26 00:59:15', '2007-08-09 18:14:32');
INSERT INTO `friendship` (`user_id`, `friend_id`, `status`, `requested_at`, `confirmed_at`) VALUES (36, 7, 'Quasi in dolorum bla', '1979-07-08 13:33:03', '1981-11-09 21:47:36');
INSERT INTO `friendship` (`user_id`, `friend_id`, `status`, `requested_at`, `confirmed_at`) VALUES (36, 9, 'Ea aut voluptate ull', '2003-08-23 04:30:54', '2010-02-02 11:03:33');
INSERT INTO `friendship` (`user_id`, `friend_id`, `status`, `requested_at`, `confirmed_at`) VALUES (36, 33, 'Consequatur reiciend', '2012-12-09 07:34:25', '1976-01-20 13:24:59');
INSERT INTO `friendship` (`user_id`, `friend_id`, `status`, `requested_at`, `confirmed_at`) VALUES (40, 90, 'Repudiandae dolor qu', '1996-10-29 17:34:01', '2012-01-31 16:58:41');
INSERT INTO `friendship` (`user_id`, `friend_id`, `status`, `requested_at`, `confirmed_at`) VALUES (41, 79, 'Quaerat eveniet sed ', '1985-09-11 17:55:43', '1993-09-11 09:48:15');
INSERT INTO `friendship` (`user_id`, `friend_id`, `status`, `requested_at`, `confirmed_at`) VALUES (42, 28, 'Velit nostrum neque ', '1995-02-05 15:07:40', '1983-10-25 17:54:27');
INSERT INTO `friendship` (`user_id`, `friend_id`, `status`, `requested_at`, `confirmed_at`) VALUES (42, 85, 'Quasi rerum eligendi', '1995-05-06 09:26:48', '1992-02-16 14:08:48');
INSERT INTO `friendship` (`user_id`, `friend_id`, `status`, `requested_at`, `confirmed_at`) VALUES (43, 47, 'Fugit qui asperiores', '1978-03-24 06:11:14', '2016-06-02 08:44:30');
INSERT INTO `friendship` (`user_id`, `friend_id`, `status`, `requested_at`, `confirmed_at`) VALUES (43, 98, 'Quae nihil similique', '1993-03-15 14:05:52', '1975-12-30 22:04:22');
INSERT INTO `friendship` (`user_id`, `friend_id`, `status`, `requested_at`, `confirmed_at`) VALUES (45, 13, 'Quis aut et enim dol', '2012-12-16 08:21:38', '2009-01-12 23:51:46');
INSERT INTO `friendship` (`user_id`, `friend_id`, `status`, `requested_at`, `confirmed_at`) VALUES (45, 64, 'Voluptatem id quos i', '1979-04-21 00:03:15', '1996-12-21 07:25:16');
INSERT INTO `friendship` (`user_id`, `friend_id`, `status`, `requested_at`, `confirmed_at`) VALUES (46, 82, 'Et autem autem ea vo', '1978-09-27 21:00:27', '1982-12-07 09:49:09');
INSERT INTO `friendship` (`user_id`, `friend_id`, `status`, `requested_at`, `confirmed_at`) VALUES (47, 95, 'Esse laudantium ut a', '1978-08-20 15:12:00', '1988-07-21 06:20:05');
INSERT INTO `friendship` (`user_id`, `friend_id`, `status`, `requested_at`, `confirmed_at`) VALUES (51, 64, 'Ipsam sint voluptate', '2011-07-01 19:50:43', '1999-08-18 19:54:40');
INSERT INTO `friendship` (`user_id`, `friend_id`, `status`, `requested_at`, `confirmed_at`) VALUES (52, 70, 'Praesentium velit ve', '2014-09-09 04:42:31', '2010-12-06 10:20:18');
INSERT INTO `friendship` (`user_id`, `friend_id`, `status`, `requested_at`, `confirmed_at`) VALUES (54, 69, 'Consequatur qui nece', '2008-01-10 16:52:51', '1977-09-16 21:45:18');
INSERT INTO `friendship` (`user_id`, `friend_id`, `status`, `requested_at`, `confirmed_at`) VALUES (55, 5, 'Eos maiores sint ali', '1995-03-06 15:15:06', '1975-10-31 20:52:57');
INSERT INTO `friendship` (`user_id`, `friend_id`, `status`, `requested_at`, `confirmed_at`) VALUES (55, 18, 'In labore quia culpa', '2006-06-26 11:21:36', '1971-06-13 20:21:13');
INSERT INTO `friendship` (`user_id`, `friend_id`, `status`, `requested_at`, `confirmed_at`) VALUES (56, 16, 'In dolorem et possim', '2011-10-12 09:57:47', '1997-01-29 02:34:52');
INSERT INTO `friendship` (`user_id`, `friend_id`, `status`, `requested_at`, `confirmed_at`) VALUES (56, 72, 'Suscipit quis maxime', '1978-05-06 19:23:59', '1975-08-02 08:29:47');
INSERT INTO `friendship` (`user_id`, `friend_id`, `status`, `requested_at`, `confirmed_at`) VALUES (56, 93, 'Vitae architecto rer', '1971-01-09 20:58:09', '1970-07-11 11:40:25');
INSERT INTO `friendship` (`user_id`, `friend_id`, `status`, `requested_at`, `confirmed_at`) VALUES (57, 31, 'Et sequi nam ea aut ', '1995-01-08 23:10:06', '1981-05-28 08:29:30');
INSERT INTO `friendship` (`user_id`, `friend_id`, `status`, `requested_at`, `confirmed_at`) VALUES (57, 72, 'Corrupti eum volupta', '1974-08-20 04:08:50', '1991-06-11 04:19:06');
INSERT INTO `friendship` (`user_id`, `friend_id`, `status`, `requested_at`, `confirmed_at`) VALUES (57, 99, 'Nam voluptas fuga in', '1994-01-18 04:26:53', '1984-01-10 16:28:16');
INSERT INTO `friendship` (`user_id`, `friend_id`, `status`, `requested_at`, `confirmed_at`) VALUES (60, 79, 'Omnis consequatur sa', '2005-10-24 07:37:50', '2014-11-01 14:37:19');
INSERT INTO `friendship` (`user_id`, `friend_id`, `status`, `requested_at`, `confirmed_at`) VALUES (61, 13, 'Consequuntur eaque e', '1988-09-22 03:38:29', '2002-01-08 14:28:00');
INSERT INTO `friendship` (`user_id`, `friend_id`, `status`, `requested_at`, `confirmed_at`) VALUES (61, 47, 'Quia repellat simili', '1992-07-17 04:11:09', '1996-03-20 16:01:13');
INSERT INTO `friendship` (`user_id`, `friend_id`, `status`, `requested_at`, `confirmed_at`) VALUES (65, 27, 'Quam placeat magni t', '1995-08-07 12:19:19', '1999-11-19 14:30:48');
INSERT INTO `friendship` (`user_id`, `friend_id`, `status`, `requested_at`, `confirmed_at`) VALUES (65, 40, 'In placeat dolores a', '2010-06-24 20:58:11', '1980-12-19 23:38:50');
INSERT INTO `friendship` (`user_id`, `friend_id`, `status`, `requested_at`, `confirmed_at`) VALUES (66, 20, 'Neque praesentium vo', '1996-11-20 17:57:55', '2002-01-01 03:45:50');
INSERT INTO `friendship` (`user_id`, `friend_id`, `status`, `requested_at`, `confirmed_at`) VALUES (67, 8, 'Recusandae distincti', '1993-03-23 02:54:07', '2008-05-19 22:50:11');
INSERT INTO `friendship` (`user_id`, `friend_id`, `status`, `requested_at`, `confirmed_at`) VALUES (70, 30, 'Deserunt adipisci qu', '2001-04-13 12:52:20', '1984-02-26 04:12:07');
INSERT INTO `friendship` (`user_id`, `friend_id`, `status`, `requested_at`, `confirmed_at`) VALUES (70, 74, 'Aut atque accusamus ', '2003-03-07 04:11:57', '2011-10-28 22:48:03');
INSERT INTO `friendship` (`user_id`, `friend_id`, `status`, `requested_at`, `confirmed_at`) VALUES (72, 86, 'Cum voluptatem sequi', '2015-12-21 05:12:22', '1984-08-05 03:25:31');
INSERT INTO `friendship` (`user_id`, `friend_id`, `status`, `requested_at`, `confirmed_at`) VALUES (75, 78, 'Et quia molestias de', '2006-02-13 13:48:16', '2015-11-26 07:40:13');
INSERT INTO `friendship` (`user_id`, `friend_id`, `status`, `requested_at`, `confirmed_at`) VALUES (77, 8, 'Voluptatum perferend', '1985-06-29 17:21:53', '1970-07-21 12:42:21');
INSERT INTO `friendship` (`user_id`, `friend_id`, `status`, `requested_at`, `confirmed_at`) VALUES (79, 19, 'Animi cupiditate rec', '1971-11-11 21:05:09', '1981-08-23 16:03:36');
INSERT INTO `friendship` (`user_id`, `friend_id`, `status`, `requested_at`, `confirmed_at`) VALUES (79, 55, 'Quisquam eum ut volu', '2002-09-07 18:54:51', '2008-01-02 09:32:39');
INSERT INTO `friendship` (`user_id`, `friend_id`, `status`, `requested_at`, `confirmed_at`) VALUES (80, 45, 'Dolores iste rerum v', '1993-04-19 09:23:48', '2002-01-17 12:36:43');
INSERT INTO `friendship` (`user_id`, `friend_id`, `status`, `requested_at`, `confirmed_at`) VALUES (81, 82, 'Non facilis a repell', '2009-05-22 20:04:53', '2017-04-25 02:26:09');
INSERT INTO `friendship` (`user_id`, `friend_id`, `status`, `requested_at`, `confirmed_at`) VALUES (81, 99, 'Molestiae mollitia s', '1996-06-17 11:13:24', '2006-11-21 04:26:10');
INSERT INTO `friendship` (`user_id`, `friend_id`, `status`, `requested_at`, `confirmed_at`) VALUES (82, 17, 'Sequi et rerum itaqu', '1977-03-04 10:01:08', '1980-08-06 18:20:34');
INSERT INTO `friendship` (`user_id`, `friend_id`, `status`, `requested_at`, `confirmed_at`) VALUES (82, 50, 'Dicta totam magnam n', '1981-11-29 17:03:49', '1997-10-25 19:22:21');
INSERT INTO `friendship` (`user_id`, `friend_id`, `status`, `requested_at`, `confirmed_at`) VALUES (83, 59, 'Magni cupiditate exc', '1974-09-07 03:30:43', '1976-11-24 23:08:58');
INSERT INTO `friendship` (`user_id`, `friend_id`, `status`, `requested_at`, `confirmed_at`) VALUES (83, 85, 'Laboriosam occaecati', '1976-04-30 22:40:54', '2018-05-12 09:27:57');
INSERT INTO `friendship` (`user_id`, `friend_id`, `status`, `requested_at`, `confirmed_at`) VALUES (87, 84, 'Accusantium et maxim', '1993-07-14 05:09:53', '2007-08-19 03:33:03');
INSERT INTO `friendship` (`user_id`, `friend_id`, `status`, `requested_at`, `confirmed_at`) VALUES (89, 70, 'Nemo aperiam ab rati', '1986-05-02 02:47:11', '1990-05-23 06:59:58');
INSERT INTO `friendship` (`user_id`, `friend_id`, `status`, `requested_at`, `confirmed_at`) VALUES (89, 92, 'Aut voluptas sed aut', '1996-04-06 13:05:42', '1999-05-27 06:03:09');
INSERT INTO `friendship` (`user_id`, `friend_id`, `status`, `requested_at`, `confirmed_at`) VALUES (90, 93, 'Sit molestias quia a', '2013-08-18 09:03:27', '2002-07-17 21:08:52');
INSERT INTO `friendship` (`user_id`, `friend_id`, `status`, `requested_at`, `confirmed_at`) VALUES (91, 9, 'Accusamus aliquid re', '1984-08-05 16:45:41', '2008-09-15 19:57:40');
INSERT INTO `friendship` (`user_id`, `friend_id`, `status`, `requested_at`, `confirmed_at`) VALUES (92, 2, 'Perferendis totam ac', '1994-08-24 20:42:47', '2013-02-09 19:01:43');
INSERT INTO `friendship` (`user_id`, `friend_id`, `status`, `requested_at`, `confirmed_at`) VALUES (94, 16, 'Qui velit et consequ', '1990-10-17 02:58:45', '1995-01-02 12:54:50');
INSERT INTO `friendship` (`user_id`, `friend_id`, `status`, `requested_at`, `confirmed_at`) VALUES (95, 62, 'Laboriosam delectus ', '1997-02-12 15:29:23', '2008-08-01 16:23:12');
INSERT INTO `friendship` (`user_id`, `friend_id`, `status`, `requested_at`, `confirmed_at`) VALUES (95, 71, 'Omnis vitae rem quos', '2001-10-30 01:09:26', '2012-07-17 15:51:57');
INSERT INTO `friendship` (`user_id`, `friend_id`, `status`, `requested_at`, `confirmed_at`) VALUES (95, 90, 'Ut ab doloremque est', '1970-03-03 02:20:47', '1988-10-15 23:18:39');
INSERT INTO `friendship` (`user_id`, `friend_id`, `status`, `requested_at`, `confirmed_at`) VALUES (97, 71, 'Aliquid quisquam nih', '1970-04-23 21:45:52', '1995-03-31 19:25:30');
INSERT INTO `friendship` (`user_id`, `friend_id`, `status`, `requested_at`, `confirmed_at`) VALUES (97, 90, 'Voluptas impedit eum', '2016-08-31 21:59:17', '1996-10-20 06:32:14');
INSERT INTO `friendship` (`user_id`, `friend_id`, `status`, `requested_at`, `confirmed_at`) VALUES (99, 4, 'Occaecati quisquam s', '2010-11-13 20:55:11', '1985-07-10 06:28:07');
INSERT INTO `friendship` (`user_id`, `friend_id`, `status`, `requested_at`, `confirmed_at`) VALUES (99, 100, 'Et deleniti et quam.', '2011-11-02 14:49:18', '1977-07-06 20:37:31');
INSERT INTO `friendship` (`user_id`, `friend_id`, `status`, `requested_at`, `confirmed_at`) VALUES (100, 31, 'Eveniet quisquam rer', '1988-02-28 20:29:47', '1972-10-13 09:53:47');


#
# TABLE STRUCTURE FOR: media
#

DROP TABLE IF EXISTS `media`;

CREATE TABLE `media` (
  `id` int(10) unsigned NOT NULL AUTO_INCREMENT,
  `media_type_id` int(10) unsigned NOT NULL,
  `user_id` int(10) unsigned NOT NULL,
  `filename` varchar(255) COLLATE utf8_unicode_ci NOT NULL,
  `size` int(11) NOT NULL,
  `metadata` longtext CHARACTER SET utf8mb4 COLLATE utf8mb4_bin DEFAULT NULL,
  `created_at` datetime DEFAULT current_timestamp(),
  `updated_at` datetime DEFAULT current_timestamp() ON UPDATE current_timestamp(),
  PRIMARY KEY (`id`)
) ENGINE=InnoDB AUTO_INCREMENT=101 DEFAULT CHARSET=utf8 COLLATE=utf8_unicode_ci;

INSERT INTO `media` (`id`, `media_type_id`, `user_id`, `filename`, `size`, `metadata`, `created_at`, `updated_at`) VALUES (1, 1, 8, 'nam', 3573, NULL, '2002-07-12 19:01:40', '1991-10-02 02:35:09');
INSERT INTO `media` (`id`, `media_type_id`, `user_id`, `filename`, `size`, `metadata`, `created_at`, `updated_at`) VALUES (2, 2, 17, 'iste', 2777, NULL, '1978-10-22 19:46:05', '2018-06-25 21:27:14');
INSERT INTO `media` (`id`, `media_type_id`, `user_id`, `filename`, `size`, `metadata`, `created_at`, `updated_at`) VALUES (3, 3, 50, 'hic', 1165, NULL, '2019-03-04 09:57:11', '1994-11-01 15:44:17');
INSERT INTO `media` (`id`, `media_type_id`, `user_id`, `filename`, `size`, `metadata`, `created_at`, `updated_at`) VALUES (4, 4, 48, 'pariatur', 3592, NULL, '1990-08-16 21:51:15', '1993-07-13 04:44:12');
INSERT INTO `media` (`id`, `media_type_id`, `user_id`, `filename`, `size`, `metadata`, `created_at`, `updated_at`) VALUES (5, 5, 2, 'alias', 3974, NULL, '2009-08-18 15:37:14', '1978-05-11 12:23:13');
INSERT INTO `media` (`id`, `media_type_id`, `user_id`, `filename`, `size`, `metadata`, `created_at`, `updated_at`) VALUES (6, 1, 46, 'dolore', 4148, NULL, '2011-06-16 16:36:14', '2017-06-17 21:32:25');
INSERT INTO `media` (`id`, `media_type_id`, `user_id`, `filename`, `size`, `metadata`, `created_at`, `updated_at`) VALUES (7, 2, 59, 'incidunt', 4960, NULL, '2011-11-15 02:11:01', '1987-04-28 01:06:02');
INSERT INTO `media` (`id`, `media_type_id`, `user_id`, `filename`, `size`, `metadata`, `created_at`, `updated_at`) VALUES (8, 3, 8, 'quidem', 75, NULL, '1991-06-14 03:59:23', '2014-01-14 05:33:14');
INSERT INTO `media` (`id`, `media_type_id`, `user_id`, `filename`, `size`, `metadata`, `created_at`, `updated_at`) VALUES (9, 4, 83, 'excepturi', 775, NULL, '1971-09-10 09:22:54', '2001-11-26 23:29:57');
INSERT INTO `media` (`id`, `media_type_id`, `user_id`, `filename`, `size`, `metadata`, `created_at`, `updated_at`) VALUES (10, 5, 71, 'reiciendis', 2260, NULL, '1973-03-05 09:48:30', '1981-04-13 23:54:53');
INSERT INTO `media` (`id`, `media_type_id`, `user_id`, `filename`, `size`, `metadata`, `created_at`, `updated_at`) VALUES (11, 1, 4, 'occaecati', 327, NULL, '2001-05-09 14:23:46', '2018-10-15 06:17:47');
INSERT INTO `media` (`id`, `media_type_id`, `user_id`, `filename`, `size`, `metadata`, `created_at`, `updated_at`) VALUES (12, 2, 20, 'quam', 3269, NULL, '2012-05-20 23:54:25', '1970-09-18 19:15:54');
INSERT INTO `media` (`id`, `media_type_id`, `user_id`, `filename`, `size`, `metadata`, `created_at`, `updated_at`) VALUES (13, 3, 5, 'necessitatibus', 352, NULL, '2003-02-17 10:09:13', '1981-10-14 23:38:45');
INSERT INTO `media` (`id`, `media_type_id`, `user_id`, `filename`, `size`, `metadata`, `created_at`, `updated_at`) VALUES (14, 4, 35, 'non', 785, NULL, '1972-10-17 04:40:37', '1990-04-01 05:49:58');
INSERT INTO `media` (`id`, `media_type_id`, `user_id`, `filename`, `size`, `metadata`, `created_at`, `updated_at`) VALUES (15, 5, 4, 'praesentium', 602, NULL, '1979-03-13 06:40:05', '2013-12-06 02:22:54');
INSERT INTO `media` (`id`, `media_type_id`, `user_id`, `filename`, `size`, `metadata`, `created_at`, `updated_at`) VALUES (16, 1, 27, 'et', 1902, NULL, '1981-04-12 02:34:19', '2008-03-25 14:01:28');
INSERT INTO `media` (`id`, `media_type_id`, `user_id`, `filename`, `size`, `metadata`, `created_at`, `updated_at`) VALUES (17, 2, 53, 'in', 2276, NULL, '1980-11-21 03:14:58', '1978-03-06 00:09:01');
INSERT INTO `media` (`id`, `media_type_id`, `user_id`, `filename`, `size`, `metadata`, `created_at`, `updated_at`) VALUES (18, 3, 58, 'in', 2549, NULL, '1979-01-10 23:57:10', '1986-01-14 08:09:08');
INSERT INTO `media` (`id`, `media_type_id`, `user_id`, `filename`, `size`, `metadata`, `created_at`, `updated_at`) VALUES (19, 4, 99, 'vitae', 2698, NULL, '2011-02-02 10:07:37', '1970-09-13 10:28:42');
INSERT INTO `media` (`id`, `media_type_id`, `user_id`, `filename`, `size`, `metadata`, `created_at`, `updated_at`) VALUES (20, 5, 94, 'consequatur', 4674, NULL, '2015-04-20 22:59:53', '1988-12-07 22:19:40');
INSERT INTO `media` (`id`, `media_type_id`, `user_id`, `filename`, `size`, `metadata`, `created_at`, `updated_at`) VALUES (21, 1, 46, 'labore', 4197, NULL, '2016-05-21 12:31:32', '2010-12-01 01:21:30');
INSERT INTO `media` (`id`, `media_type_id`, `user_id`, `filename`, `size`, `metadata`, `created_at`, `updated_at`) VALUES (22, 2, 16, 'sunt', 2068, NULL, '1983-02-08 06:04:08', '1988-08-16 02:25:37');
INSERT INTO `media` (`id`, `media_type_id`, `user_id`, `filename`, `size`, `metadata`, `created_at`, `updated_at`) VALUES (23, 3, 4, 'dicta', 4789, NULL, '1997-11-03 15:21:28', '2008-09-08 14:06:59');
INSERT INTO `media` (`id`, `media_type_id`, `user_id`, `filename`, `size`, `metadata`, `created_at`, `updated_at`) VALUES (24, 4, 9, 'quod', 3327, NULL, '2009-11-09 08:30:50', '2013-08-19 17:56:23');
INSERT INTO `media` (`id`, `media_type_id`, `user_id`, `filename`, `size`, `metadata`, `created_at`, `updated_at`) VALUES (25, 5, 31, 'sed', 3991, NULL, '1980-04-11 22:53:29', '2012-03-09 11:24:41');
INSERT INTO `media` (`id`, `media_type_id`, `user_id`, `filename`, `size`, `metadata`, `created_at`, `updated_at`) VALUES (26, 1, 89, 'distinctio', 2882, NULL, '2015-11-27 15:26:02', '2009-10-25 19:52:27');
INSERT INTO `media` (`id`, `media_type_id`, `user_id`, `filename`, `size`, `metadata`, `created_at`, `updated_at`) VALUES (27, 2, 2, 'vel', 4183, NULL, '2011-04-28 04:17:55', '1981-09-02 02:12:52');
INSERT INTO `media` (`id`, `media_type_id`, `user_id`, `filename`, `size`, `metadata`, `created_at`, `updated_at`) VALUES (28, 3, 39, 'sit', 4444, NULL, '2006-06-11 08:27:09', '1997-05-23 09:32:18');
INSERT INTO `media` (`id`, `media_type_id`, `user_id`, `filename`, `size`, `metadata`, `created_at`, `updated_at`) VALUES (29, 4, 81, 'ut', 3920, NULL, '1991-09-23 23:47:06', '1975-06-19 22:24:48');
INSERT INTO `media` (`id`, `media_type_id`, `user_id`, `filename`, `size`, `metadata`, `created_at`, `updated_at`) VALUES (30, 5, 2, 'praesentium', 821, NULL, '1984-08-02 09:41:37', '1983-07-26 15:30:06');
INSERT INTO `media` (`id`, `media_type_id`, `user_id`, `filename`, `size`, `metadata`, `created_at`, `updated_at`) VALUES (31, 1, 57, 'vero', 3660, NULL, '1971-04-04 02:51:22', '1982-11-08 05:12:42');
INSERT INTO `media` (`id`, `media_type_id`, `user_id`, `filename`, `size`, `metadata`, `created_at`, `updated_at`) VALUES (32, 2, 9, 'modi', 2262, NULL, '2019-04-23 13:15:23', '2014-09-30 07:27:43');
INSERT INTO `media` (`id`, `media_type_id`, `user_id`, `filename`, `size`, `metadata`, `created_at`, `updated_at`) VALUES (33, 3, 15, 'occaecati', 4492, NULL, '1983-06-07 00:53:23', '1995-09-16 17:03:15');
INSERT INTO `media` (`id`, `media_type_id`, `user_id`, `filename`, `size`, `metadata`, `created_at`, `updated_at`) VALUES (34, 4, 100, 'ducimus', 1226, NULL, '1976-08-16 17:15:00', '2011-02-12 02:16:25');
INSERT INTO `media` (`id`, `media_type_id`, `user_id`, `filename`, `size`, `metadata`, `created_at`, `updated_at`) VALUES (35, 5, 46, 'sit', 1695, NULL, '1978-09-19 20:15:10', '2014-09-22 22:44:27');
INSERT INTO `media` (`id`, `media_type_id`, `user_id`, `filename`, `size`, `metadata`, `created_at`, `updated_at`) VALUES (36, 1, 30, 'ad', 2496, NULL, '2019-02-16 08:59:46', '2005-11-30 05:26:05');
INSERT INTO `media` (`id`, `media_type_id`, `user_id`, `filename`, `size`, `metadata`, `created_at`, `updated_at`) VALUES (37, 2, 78, 'voluptatibus', 1772, NULL, '1999-08-13 17:25:35', '1987-05-09 08:53:33');
INSERT INTO `media` (`id`, `media_type_id`, `user_id`, `filename`, `size`, `metadata`, `created_at`, `updated_at`) VALUES (38, 3, 89, 'sit', 1870, NULL, '1975-11-06 03:22:14', '1990-01-11 14:47:02');
INSERT INTO `media` (`id`, `media_type_id`, `user_id`, `filename`, `size`, `metadata`, `created_at`, `updated_at`) VALUES (39, 4, 90, 'aut', 1527, NULL, '2009-02-22 13:04:02', '1984-02-19 19:08:43');
INSERT INTO `media` (`id`, `media_type_id`, `user_id`, `filename`, `size`, `metadata`, `created_at`, `updated_at`) VALUES (40, 5, 34, 'alias', 3643, NULL, '2014-05-31 12:04:29', '1999-09-01 14:24:08');
INSERT INTO `media` (`id`, `media_type_id`, `user_id`, `filename`, `size`, `metadata`, `created_at`, `updated_at`) VALUES (41, 1, 2, 'officia', 3027, NULL, '1975-12-22 14:30:12', '1984-11-26 07:58:44');
INSERT INTO `media` (`id`, `media_type_id`, `user_id`, `filename`, `size`, `metadata`, `created_at`, `updated_at`) VALUES (42, 2, 1, 'cupiditate', 2847, NULL, '2018-10-20 13:28:33', '1997-12-01 17:15:36');
INSERT INTO `media` (`id`, `media_type_id`, `user_id`, `filename`, `size`, `metadata`, `created_at`, `updated_at`) VALUES (43, 3, 64, 'est', 4981, NULL, '1998-08-21 16:11:23', '2000-01-29 01:20:27');
INSERT INTO `media` (`id`, `media_type_id`, `user_id`, `filename`, `size`, `metadata`, `created_at`, `updated_at`) VALUES (44, 4, 100, 'qui', 452, NULL, '1985-05-09 23:38:47', '1984-07-16 00:20:52');
INSERT INTO `media` (`id`, `media_type_id`, `user_id`, `filename`, `size`, `metadata`, `created_at`, `updated_at`) VALUES (45, 5, 82, 'commodi', 838, NULL, '2002-11-19 20:50:59', '2001-10-01 12:29:51');
INSERT INTO `media` (`id`, `media_type_id`, `user_id`, `filename`, `size`, `metadata`, `created_at`, `updated_at`) VALUES (46, 1, 31, 'optio', 4619, NULL, '1971-10-22 15:31:30', '2018-08-21 05:18:14');
INSERT INTO `media` (`id`, `media_type_id`, `user_id`, `filename`, `size`, `metadata`, `created_at`, `updated_at`) VALUES (47, 2, 26, 'voluptas', 1460, NULL, '1971-03-03 21:34:45', '2003-08-20 07:48:15');
INSERT INTO `media` (`id`, `media_type_id`, `user_id`, `filename`, `size`, `metadata`, `created_at`, `updated_at`) VALUES (48, 3, 12, 'esse', 541, NULL, '2001-01-19 15:16:47', '1998-11-17 14:29:45');
INSERT INTO `media` (`id`, `media_type_id`, `user_id`, `filename`, `size`, `metadata`, `created_at`, `updated_at`) VALUES (49, 4, 90, 'sed', 2441, NULL, '1995-06-15 00:45:41', '1985-08-06 16:37:27');
INSERT INTO `media` (`id`, `media_type_id`, `user_id`, `filename`, `size`, `metadata`, `created_at`, `updated_at`) VALUES (50, 5, 81, 'et', 2699, NULL, '2001-03-17 11:24:12', '1994-12-31 16:53:06');
INSERT INTO `media` (`id`, `media_type_id`, `user_id`, `filename`, `size`, `metadata`, `created_at`, `updated_at`) VALUES (51, 1, 19, 'voluptates', 3525, NULL, '2003-07-05 05:42:12', '2018-05-07 04:05:48');
INSERT INTO `media` (`id`, `media_type_id`, `user_id`, `filename`, `size`, `metadata`, `created_at`, `updated_at`) VALUES (52, 2, 3, 'iusto', 1842, NULL, '1977-11-19 06:34:16', '1983-11-03 02:09:41');
INSERT INTO `media` (`id`, `media_type_id`, `user_id`, `filename`, `size`, `metadata`, `created_at`, `updated_at`) VALUES (53, 3, 18, 'est', 45, NULL, '1978-02-04 00:18:34', '1973-10-08 08:24:07');
INSERT INTO `media` (`id`, `media_type_id`, `user_id`, `filename`, `size`, `metadata`, `created_at`, `updated_at`) VALUES (54, 4, 18, 'accusamus', 1029, NULL, '1971-10-10 10:23:07', '1975-01-12 22:16:34');
INSERT INTO `media` (`id`, `media_type_id`, `user_id`, `filename`, `size`, `metadata`, `created_at`, `updated_at`) VALUES (55, 5, 3, 'ut', 4393, NULL, '1976-03-14 23:26:21', '1986-10-24 09:00:20');
INSERT INTO `media` (`id`, `media_type_id`, `user_id`, `filename`, `size`, `metadata`, `created_at`, `updated_at`) VALUES (56, 1, 61, 'quasi', 1946, NULL, '1995-11-03 22:09:22', '1999-01-03 06:19:00');
INSERT INTO `media` (`id`, `media_type_id`, `user_id`, `filename`, `size`, `metadata`, `created_at`, `updated_at`) VALUES (57, 2, 87, 'explicabo', 1966, NULL, '1977-10-04 08:58:29', '2002-09-06 11:19:01');
INSERT INTO `media` (`id`, `media_type_id`, `user_id`, `filename`, `size`, `metadata`, `created_at`, `updated_at`) VALUES (58, 3, 44, 'vel', 4557, NULL, '2007-01-23 01:05:17', '1987-11-02 00:11:29');
INSERT INTO `media` (`id`, `media_type_id`, `user_id`, `filename`, `size`, `metadata`, `created_at`, `updated_at`) VALUES (59, 4, 83, 'quisquam', 3572, NULL, '1972-06-27 04:48:00', '1981-10-07 23:01:59');
INSERT INTO `media` (`id`, `media_type_id`, `user_id`, `filename`, `size`, `metadata`, `created_at`, `updated_at`) VALUES (60, 5, 40, 'animi', 3072, NULL, '1975-04-18 12:03:09', '1987-02-24 19:44:11');
INSERT INTO `media` (`id`, `media_type_id`, `user_id`, `filename`, `size`, `metadata`, `created_at`, `updated_at`) VALUES (61, 1, 72, 'autem', 1538, NULL, '2007-02-09 08:27:29', '2014-07-05 03:39:37');
INSERT INTO `media` (`id`, `media_type_id`, `user_id`, `filename`, `size`, `metadata`, `created_at`, `updated_at`) VALUES (62, 2, 44, 'aut', 3283, NULL, '1984-07-26 10:16:25', '1998-10-01 04:29:04');
INSERT INTO `media` (`id`, `media_type_id`, `user_id`, `filename`, `size`, `metadata`, `created_at`, `updated_at`) VALUES (63, 3, 39, 'ratione', 1693, NULL, '2005-05-12 19:24:21', '1970-09-29 05:05:18');
INSERT INTO `media` (`id`, `media_type_id`, `user_id`, `filename`, `size`, `metadata`, `created_at`, `updated_at`) VALUES (64, 4, 87, 'praesentium', 4714, NULL, '2018-01-17 09:36:08', '2001-05-23 15:28:49');
INSERT INTO `media` (`id`, `media_type_id`, `user_id`, `filename`, `size`, `metadata`, `created_at`, `updated_at`) VALUES (65, 5, 6, 'voluptatem', 4523, NULL, '2014-01-17 03:44:03', '1982-10-24 20:37:59');
INSERT INTO `media` (`id`, `media_type_id`, `user_id`, `filename`, `size`, `metadata`, `created_at`, `updated_at`) VALUES (66, 1, 38, 'qui', 95, NULL, '1977-10-18 19:24:52', '1991-10-05 09:04:37');
INSERT INTO `media` (`id`, `media_type_id`, `user_id`, `filename`, `size`, `metadata`, `created_at`, `updated_at`) VALUES (67, 2, 76, 'quo', 3880, NULL, '2016-10-12 09:14:16', '2012-08-10 06:02:10');
INSERT INTO `media` (`id`, `media_type_id`, `user_id`, `filename`, `size`, `metadata`, `created_at`, `updated_at`) VALUES (68, 3, 96, 'nemo', 3543, NULL, '1979-05-11 18:32:57', '1970-07-23 08:18:18');
INSERT INTO `media` (`id`, `media_type_id`, `user_id`, `filename`, `size`, `metadata`, `created_at`, `updated_at`) VALUES (69, 4, 5, 'ut', 1738, NULL, '1990-04-25 18:35:38', '1984-06-13 19:48:18');
INSERT INTO `media` (`id`, `media_type_id`, `user_id`, `filename`, `size`, `metadata`, `created_at`, `updated_at`) VALUES (70, 5, 96, 'pariatur', 352, NULL, '2004-04-02 00:30:58', '1986-10-02 20:50:14');
INSERT INTO `media` (`id`, `media_type_id`, `user_id`, `filename`, `size`, `metadata`, `created_at`, `updated_at`) VALUES (71, 1, 99, 'doloribus', 2425, NULL, '1975-05-13 11:30:05', '2002-06-11 08:52:18');
INSERT INTO `media` (`id`, `media_type_id`, `user_id`, `filename`, `size`, `metadata`, `created_at`, `updated_at`) VALUES (72, 2, 72, 'hic', 1172, NULL, '2014-01-25 07:14:26', '1976-08-06 14:50:46');
INSERT INTO `media` (`id`, `media_type_id`, `user_id`, `filename`, `size`, `metadata`, `created_at`, `updated_at`) VALUES (73, 3, 54, 'ea', 3570, NULL, '1984-07-14 20:09:39', '1979-02-21 21:45:29');
INSERT INTO `media` (`id`, `media_type_id`, `user_id`, `filename`, `size`, `metadata`, `created_at`, `updated_at`) VALUES (74, 4, 88, 'maxime', 2660, NULL, '1993-03-06 23:36:18', '2010-01-31 11:29:28');
INSERT INTO `media` (`id`, `media_type_id`, `user_id`, `filename`, `size`, `metadata`, `created_at`, `updated_at`) VALUES (75, 5, 48, 'quia', 1393, NULL, '2000-02-09 15:47:48', '2018-11-29 18:42:43');
INSERT INTO `media` (`id`, `media_type_id`, `user_id`, `filename`, `size`, `metadata`, `created_at`, `updated_at`) VALUES (76, 1, 80, 'omnis', 1715, NULL, '1975-01-06 04:44:01', '1987-02-19 14:47:53');
INSERT INTO `media` (`id`, `media_type_id`, `user_id`, `filename`, `size`, `metadata`, `created_at`, `updated_at`) VALUES (77, 2, 94, 'aut', 4709, NULL, '2011-08-12 20:59:21', '2010-12-21 20:29:56');
INSERT INTO `media` (`id`, `media_type_id`, `user_id`, `filename`, `size`, `metadata`, `created_at`, `updated_at`) VALUES (78, 3, 41, 'nulla', 3087, NULL, '1998-11-04 12:49:50', '1992-04-19 13:55:28');
INSERT INTO `media` (`id`, `media_type_id`, `user_id`, `filename`, `size`, `metadata`, `created_at`, `updated_at`) VALUES (79, 4, 46, 'facere', 2449, NULL, '1993-10-23 19:12:40', '2006-01-31 10:15:59');
INSERT INTO `media` (`id`, `media_type_id`, `user_id`, `filename`, `size`, `metadata`, `created_at`, `updated_at`) VALUES (80, 5, 53, 'accusamus', 4723, NULL, '2018-07-09 18:58:09', '1999-09-01 01:32:06');
INSERT INTO `media` (`id`, `media_type_id`, `user_id`, `filename`, `size`, `metadata`, `created_at`, `updated_at`) VALUES (81, 1, 73, 'ut', 4217, NULL, '2008-06-27 09:46:59', '1991-12-23 03:17:36');
INSERT INTO `media` (`id`, `media_type_id`, `user_id`, `filename`, `size`, `metadata`, `created_at`, `updated_at`) VALUES (82, 2, 80, 'vero', 3488, NULL, '2018-08-28 19:09:32', '2019-04-13 10:06:57');
INSERT INTO `media` (`id`, `media_type_id`, `user_id`, `filename`, `size`, `metadata`, `created_at`, `updated_at`) VALUES (83, 3, 18, 'molestiae', 3554, NULL, '1981-07-22 00:47:27', '2004-05-26 16:50:32');
INSERT INTO `media` (`id`, `media_type_id`, `user_id`, `filename`, `size`, `metadata`, `created_at`, `updated_at`) VALUES (84, 4, 67, 'qui', 1059, NULL, '1976-08-19 14:00:05', '2018-11-15 08:18:51');
INSERT INTO `media` (`id`, `media_type_id`, `user_id`, `filename`, `size`, `metadata`, `created_at`, `updated_at`) VALUES (85, 5, 32, 'quis', 2549, NULL, '1991-05-06 05:02:18', '2007-11-20 18:31:00');
INSERT INTO `media` (`id`, `media_type_id`, `user_id`, `filename`, `size`, `metadata`, `created_at`, `updated_at`) VALUES (86, 1, 2, 'quis', 3387, NULL, '2009-03-11 22:45:41', '1980-02-19 06:33:42');
INSERT INTO `media` (`id`, `media_type_id`, `user_id`, `filename`, `size`, `metadata`, `created_at`, `updated_at`) VALUES (87, 2, 19, 'itaque', 4820, NULL, '1980-10-19 23:12:26', '1991-12-25 08:45:02');
INSERT INTO `media` (`id`, `media_type_id`, `user_id`, `filename`, `size`, `metadata`, `created_at`, `updated_at`) VALUES (88, 3, 49, 'cupiditate', 4987, NULL, '2016-11-21 03:59:19', '2006-12-18 08:28:02');
INSERT INTO `media` (`id`, `media_type_id`, `user_id`, `filename`, `size`, `metadata`, `created_at`, `updated_at`) VALUES (89, 4, 76, 'quia', 3026, NULL, '2011-02-20 03:08:36', '2019-01-23 15:58:34');
INSERT INTO `media` (`id`, `media_type_id`, `user_id`, `filename`, `size`, `metadata`, `created_at`, `updated_at`) VALUES (90, 5, 54, 'quia', 1362, NULL, '1976-09-18 07:44:22', '1993-02-21 23:32:30');
INSERT INTO `media` (`id`, `media_type_id`, `user_id`, `filename`, `size`, `metadata`, `created_at`, `updated_at`) VALUES (91, 1, 89, 'et', 2268, NULL, '1994-02-20 02:01:21', '2002-09-14 20:28:34');
INSERT INTO `media` (`id`, `media_type_id`, `user_id`, `filename`, `size`, `metadata`, `created_at`, `updated_at`) VALUES (92, 2, 90, 'dolores', 326, NULL, '1978-12-02 18:13:35', '1991-09-05 10:09:50');
INSERT INTO `media` (`id`, `media_type_id`, `user_id`, `filename`, `size`, `metadata`, `created_at`, `updated_at`) VALUES (93, 3, 95, 'qui', 2944, NULL, '2000-05-10 06:25:29', '1997-01-26 23:28:09');
INSERT INTO `media` (`id`, `media_type_id`, `user_id`, `filename`, `size`, `metadata`, `created_at`, `updated_at`) VALUES (94, 4, 87, 'nam', 2036, NULL, '1980-09-17 06:23:39', '2006-05-11 17:21:32');
INSERT INTO `media` (`id`, `media_type_id`, `user_id`, `filename`, `size`, `metadata`, `created_at`, `updated_at`) VALUES (95, 5, 24, 'necessitatibus', 1346, NULL, '2011-05-21 01:54:00', '1996-07-15 05:18:35');
INSERT INTO `media` (`id`, `media_type_id`, `user_id`, `filename`, `size`, `metadata`, `created_at`, `updated_at`) VALUES (96, 1, 81, 'odit', 2270, NULL, '2008-11-18 05:32:34', '2005-03-20 11:23:44');
INSERT INTO `media` (`id`, `media_type_id`, `user_id`, `filename`, `size`, `metadata`, `created_at`, `updated_at`) VALUES (97, 2, 28, 'officia', 3682, NULL, '2012-10-29 21:41:01', '1999-03-17 03:18:35');
INSERT INTO `media` (`id`, `media_type_id`, `user_id`, `filename`, `size`, `metadata`, `created_at`, `updated_at`) VALUES (98, 3, 36, 'facere', 3185, NULL, '1984-12-22 00:27:33', '1979-11-04 08:41:47');
INSERT INTO `media` (`id`, `media_type_id`, `user_id`, `filename`, `size`, `metadata`, `created_at`, `updated_at`) VALUES (99, 4, 43, 'earum', 4059, NULL, '1995-09-23 17:50:09', '1988-04-02 13:34:06');
INSERT INTO `media` (`id`, `media_type_id`, `user_id`, `filename`, `size`, `metadata`, `created_at`, `updated_at`) VALUES (100, 5, 78, 'est', 1821, NULL, '2009-01-17 20:31:03', '2006-06-10 00:49:37');


#
# TABLE STRUCTURE FOR: media_types
#

DROP TABLE IF EXISTS `media_types`;

CREATE TABLE `media_types` (
  `id` int(10) unsigned NOT NULL AUTO_INCREMENT,
  `name` varchar(255) COLLATE utf8_unicode_ci NOT NULL,
  PRIMARY KEY (`id`),
  UNIQUE KEY `name` (`name`)
) ENGINE=InnoDB AUTO_INCREMENT=6 DEFAULT CHARSET=utf8 COLLATE=utf8_unicode_ci;

INSERT INTO `media_types` (`id`, `name`) VALUES (2, ' audio');
INSERT INTO `media_types` (`id`, `name`) VALUES (3, ' document');
INSERT INTO `media_types` (`id`, `name`) VALUES (1, ' music');
INSERT INTO `media_types` (`id`, `name`) VALUES (5, ' video');
INSERT INTO `media_types` (`id`, `name`) VALUES (4, 'photo');


#
# TABLE STRUCTURE FOR: messages
#

DROP TABLE IF EXISTS `messages`;

CREATE TABLE `messages` (
  `from_user_id` int(10) unsigned NOT NULL,
  `to_user_id` int(10) unsigned NOT NULL,
  `body` text COLLATE utf8_unicode_ci NOT NULL,
  `important` tinyint(1) DEFAULT NULL,
  `delivered` tinyint(1) DEFAULT NULL,
  `created_at` datetime NOT NULL DEFAULT current_timestamp(),
  PRIMARY KEY (`from_user_id`,`created_at`)
) ENGINE=InnoDB DEFAULT CHARSET=utf8 COLLATE=utf8_unicode_ci;

INSERT INTO `messages` (`from_user_id`, `to_user_id`, `body`, `important`, `delivered`, `created_at`) VALUES (2, 55, 'Quis temporibus maxime quaerat asperiores laudantium ab. Atque vel sint atque doloremque qui et. Et placeat eos expedita ut.', 1, 1, '1988-11-15 12:07:15');
INSERT INTO `messages` (`from_user_id`, `to_user_id`, `body`, `important`, `delivered`, `created_at`) VALUES (2, 74, 'Est sapiente deserunt iure qui qui ratione id possimus. Ea et quos repellat odit consequatur esse.', 0, 1, '2007-11-06 17:57:26');
INSERT INTO `messages` (`from_user_id`, `to_user_id`, `body`, `important`, `delivered`, `created_at`) VALUES (3, 28, 'Magni rem quia odit facere voluptas. Beatae libero dolorum omnis officia sint est vel. Minus esse et est in tempora molestiae iste doloribus. Autem rem aut quaerat delectus aliquid quod.', 0, 0, '1973-07-26 00:22:38');
INSERT INTO `messages` (`from_user_id`, `to_user_id`, `body`, `important`, `delivered`, `created_at`) VALUES (3, 40, 'Quidem saepe veritatis tempora rerum. Eveniet dolorem pariatur ipsum nostrum eius incidunt. Dolorum ea ratione nihil cumque sit velit. Ratione aliquid et incidunt nostrum voluptas cupiditate.', 1, 0, '2003-05-18 16:41:37');
INSERT INTO `messages` (`from_user_id`, `to_user_id`, `body`, `important`, `delivered`, `created_at`) VALUES (3, 11, 'Iste laborum omnis quo soluta facere natus reprehenderit. Deleniti at deserunt illum distinctio voluptatem libero. Rerum et nulla aut provident nihil.', 0, 1, '2007-08-01 07:55:35');
INSERT INTO `messages` (`from_user_id`, `to_user_id`, `body`, `important`, `delivered`, `created_at`) VALUES (3, 88, 'Odio delectus architecto dolores similique consequatur repudiandae quis. Neque et perferendis est. Quod et fugiat adipisci reiciendis non. Magnam nostrum pariatur nemo molestiae.', 1, 1, '2017-03-11 04:00:25');
INSERT INTO `messages` (`from_user_id`, `to_user_id`, `body`, `important`, `delivered`, `created_at`) VALUES (5, 20, 'Ipsum natus et quaerat fugiat aspernatur. Dolores dolore nam eos est similique quia. Voluptas odit accusamus consequatur eaque neque tenetur rerum. Quia sapiente sapiente veniam ullam. Voluptatem fugit asperiores dicta veniam quos saepe asperiores.', 0, 0, '1975-01-24 04:52:09');
INSERT INTO `messages` (`from_user_id`, `to_user_id`, `body`, `important`, `delivered`, `created_at`) VALUES (6, 50, 'Sequi est fuga ut a. Totam vel sint quia rerum inventore et deserunt voluptate. Sapiente aliquid animi consequatur in. Ipsa adipisci voluptatem molestiae voluptate.', 0, 1, '1989-04-28 01:29:37');
INSERT INTO `messages` (`from_user_id`, `to_user_id`, `body`, `important`, `delivered`, `created_at`) VALUES (6, 49, 'Aspernatur labore deleniti suscipit aliquam. Quo aut laborum aliquid asperiores possimus omnis eaque. Vel repudiandae quis excepturi sed est.', 0, 1, '2008-10-14 13:57:40');
INSERT INTO `messages` (`from_user_id`, `to_user_id`, `body`, `important`, `delivered`, `created_at`) VALUES (6, 30, 'Dicta provident beatae libero quo minus corrupti praesentium. Soluta consequatur et saepe ut nostrum dolor qui. Cum doloribus qui facilis et id. Et qui veritatis aut.', 1, 0, '2016-10-28 19:04:34');
INSERT INTO `messages` (`from_user_id`, `to_user_id`, `body`, `important`, `delivered`, `created_at`) VALUES (10, 98, 'Qui molestiae deserunt illum impedit tenetur. Maiores et sit nemo excepturi doloribus. Expedita occaecati minus temporibus labore. Non sed voluptas doloribus exercitationem.', 1, 0, '2005-03-04 16:11:41');
INSERT INTO `messages` (`from_user_id`, `to_user_id`, `body`, `important`, `delivered`, `created_at`) VALUES (10, 72, 'Quis porro et aut impedit dolorum pariatur consectetur. Alias voluptatibus eaque non qui reprehenderit. Praesentium nihil temporibus delectus ducimus.', 1, 1, '2008-08-15 09:42:23');
INSERT INTO `messages` (`from_user_id`, `to_user_id`, `body`, `important`, `delivered`, `created_at`) VALUES (11, 29, 'Quisquam maxime blanditiis quia tempore. Qui est ut in sit voluptatem iusto reprehenderit. Excepturi est dicta et tempora eaque voluptatem iure animi. Cupiditate asperiores tempora rem in.', 0, 1, '1981-05-17 13:10:42');
INSERT INTO `messages` (`from_user_id`, `to_user_id`, `body`, `important`, `delivered`, `created_at`) VALUES (13, 88, 'Quam perspiciatis omnis illo. Suscipit tenetur et vel quasi. Aperiam accusamus in rerum iusto.', 0, 0, '2007-02-03 04:13:06');
INSERT INTO `messages` (`from_user_id`, `to_user_id`, `body`, `important`, `delivered`, `created_at`) VALUES (14, 94, 'Eos eaque id perferendis similique reiciendis quos. Fuga itaque ratione quos amet quam occaecati rerum. Explicabo unde corporis tempore ab quis nihil maiores.', 0, 0, '2006-06-05 07:13:19');
INSERT INTO `messages` (`from_user_id`, `to_user_id`, `body`, `important`, `delivered`, `created_at`) VALUES (15, 90, 'Quis dolorum tempore eaque vel enim vel ea ipsum. Tempore ut et esse perferendis dolor reiciendis blanditiis. Veritatis distinctio et hic. Placeat libero eum omnis.', 1, 1, '2013-06-02 10:58:48');
INSERT INTO `messages` (`from_user_id`, `to_user_id`, `body`, `important`, `delivered`, `created_at`) VALUES (16, 100, 'Iusto quasi harum autem laudantium quis voluptatem. Ratione sit ipsa voluptate nesciunt qui tempora enim. Dolor omnis omnis debitis dolor illum sit minima. Sunt dolorum eos quis quod.', 1, 0, '2004-05-04 10:42:34');
INSERT INTO `messages` (`from_user_id`, `to_user_id`, `body`, `important`, `delivered`, `created_at`) VALUES (17, 47, 'Provident beatae qui cumque culpa eos assumenda labore. Consectetur voluptatem officiis eveniet magni nobis. Vero vel reprehenderit pariatur.', 0, 0, '1987-09-26 03:03:37');
INSERT INTO `messages` (`from_user_id`, `to_user_id`, `body`, `important`, `delivered`, `created_at`) VALUES (17, 79, 'Harum aut et aut nulla quo est eum ex. Officiis ipsa neque eum est illo vel. Sed sed molestias et nemo praesentium.', 1, 1, '1998-09-17 18:17:24');
INSERT INTO `messages` (`from_user_id`, `to_user_id`, `body`, `important`, `delivered`, `created_at`) VALUES (18, 89, 'Quia eos ut necessitatibus doloremque quod. Perspiciatis placeat nihil commodi nihil. Et modi est est facere totam quas. Dolores recusandae ipsa ut omnis.', 1, 0, '2001-02-24 02:44:28');
INSERT INTO `messages` (`from_user_id`, `to_user_id`, `body`, `important`, `delivered`, `created_at`) VALUES (23, 25, 'Aliquam aspernatur libero odit. Eius sit qui facilis odio.', 0, 0, '1970-07-29 07:07:28');
INSERT INTO `messages` (`from_user_id`, `to_user_id`, `body`, `important`, `delivered`, `created_at`) VALUES (23, 89, 'Nesciunt doloremque ut quia est perferendis provident. Pariatur quaerat omnis est soluta. Voluptatem id pariatur reprehenderit.', 0, 1, '1985-10-16 07:36:18');
INSERT INTO `messages` (`from_user_id`, `to_user_id`, `body`, `important`, `delivered`, `created_at`) VALUES (23, 96, 'Earum id excepturi minima in minima voluptas. Nam labore exercitationem quae qui qui quo. Et debitis voluptatem veniam aliquam recusandae vel. Eos beatae aperiam ex sed illo autem laudantium. Ab quos autem quo facere.', 0, 1, '1993-11-25 12:07:40');
INSERT INTO `messages` (`from_user_id`, `to_user_id`, `body`, `important`, `delivered`, `created_at`) VALUES (23, 1, 'Ea ratione et doloremque nostrum tenetur et. Aut dignissimos quis beatae illo totam adipisci.', 1, 0, '1997-01-30 10:45:38');
INSERT INTO `messages` (`from_user_id`, `to_user_id`, `body`, `important`, `delivered`, `created_at`) VALUES (23, 16, 'Autem atque expedita eum architecto ad consequatur sint assumenda. Magnam id dignissimos minus consequatur sunt sit. Iste amet eum tempore ut consectetur. Quasi maxime vel et autem voluptatum illum illo.', 1, 0, '2005-11-14 18:14:19');
INSERT INTO `messages` (`from_user_id`, `to_user_id`, `body`, `important`, `delivered`, `created_at`) VALUES (23, 72, 'Id est modi sint ipsa adipisci. Ut aliquid dolorum voluptatem molestiae doloribus sit illo. Sapiente sit enim ea eum et. Doloribus sapiente sint soluta laboriosam est repellendus. Nihil doloremque dolorem odio nihil fugiat.', 1, 0, '2008-03-12 04:55:58');
INSERT INTO `messages` (`from_user_id`, `to_user_id`, `body`, `important`, `delivered`, `created_at`) VALUES (24, 33, 'Ipsa delectus sequi eius ab. Repudiandae nostrum quo rerum voluptates. Qui asperiores eos vero iure voluptas quia. Totam at animi aut est nesciunt consequatur et. Officia autem sed voluptas maiores quisquam.', 0, 1, '1970-05-18 18:55:29');
INSERT INTO `messages` (`from_user_id`, `to_user_id`, `body`, `important`, `delivered`, `created_at`) VALUES (24, 98, 'Laboriosam modi eos illo nihil quia est aut. Ipsum assumenda repellendus repellendus enim.', 0, 0, '1991-08-16 17:57:56');
INSERT INTO `messages` (`from_user_id`, `to_user_id`, `body`, `important`, `delivered`, `created_at`) VALUES (25, 63, 'Eum ut aspernatur beatae maiores explicabo animi velit quod. Minima dolore quis asperiores. Magni veniam minus blanditiis cum. Sed exercitationem dolores dolorum aut quia.', 0, 0, '2007-12-11 14:12:44');
INSERT INTO `messages` (`from_user_id`, `to_user_id`, `body`, `important`, `delivered`, `created_at`) VALUES (27, 81, 'Sed fuga facilis sit veritatis accusantium. Iure aut facere quia aliquam consequatur dolores. Culpa qui alias veniam qui vel a ex. Tenetur voluptas voluptas odit saepe officia inventore. Est voluptatem atque placeat non adipisci.', 1, 1, '1975-07-20 13:27:28');
INSERT INTO `messages` (`from_user_id`, `to_user_id`, `body`, `important`, `delivered`, `created_at`) VALUES (27, 72, 'Sed laudantium doloribus aliquam corrupti aut. Qui omnis perspiciatis qui quo esse. Et libero aut cum. Vitae et nesciunt esse corrupti.', 1, 0, '1992-04-13 23:35:49');
INSERT INTO `messages` (`from_user_id`, `to_user_id`, `body`, `important`, `delivered`, `created_at`) VALUES (29, 7, 'Id odio sunt architecto aut voluptas voluptatem. Fugit aut qui est optio molestiae commodi.', 1, 0, '2006-02-21 04:59:57');
INSERT INTO `messages` (`from_user_id`, `to_user_id`, `body`, `important`, `delivered`, `created_at`) VALUES (29, 37, 'Et earum repellat explicabo ducimus placeat. Illo ab ut dicta. Ipsa sint aut totam ea. Similique exercitationem quia quas nostrum laudantium magni expedita occaecati.', 1, 0, '2015-02-15 19:21:36');
INSERT INTO `messages` (`from_user_id`, `to_user_id`, `body`, `important`, `delivered`, `created_at`) VALUES (30, 4, 'Dicta libero est tempora eius fugit tempora laborum culpa. Maiores est consequuntur repellendus explicabo eum architecto ab. Et dolorem consequatur dicta non corrupti aliquid.', 0, 1, '1988-07-08 13:52:52');
INSERT INTO `messages` (`from_user_id`, `to_user_id`, `body`, `important`, `delivered`, `created_at`) VALUES (31, 21, 'Sint labore eligendi aut quos exercitationem eaque. Modi deleniti perspiciatis qui aspernatur qui tempora. Et quos repudiandae commodi tempora quasi mollitia.', 1, 1, '1982-12-22 04:49:04');
INSERT INTO `messages` (`from_user_id`, `to_user_id`, `body`, `important`, `delivered`, `created_at`) VALUES (34, 51, 'Nesciunt quis maiores tenetur repellendus nostrum itaque unde. Ab sapiente quasi sit. Autem iste et incidunt et hic animi.', 0, 0, '1989-07-15 05:52:49');
INSERT INTO `messages` (`from_user_id`, `to_user_id`, `body`, `important`, `delivered`, `created_at`) VALUES (34, 55, 'Rerum possimus consequuntur vero sequi qui labore quo. Distinctio voluptatem et est aut at cupiditate dolores. Et iusto commodi et. Et et ipsa quod iusto sunt quas temporibus.', 0, 1, '1989-12-26 04:50:44');
INSERT INTO `messages` (`from_user_id`, `to_user_id`, `body`, `important`, `delivered`, `created_at`) VALUES (35, 34, 'Sit quia est quo esse aliquid. Hic molestias iusto laudantium aspernatur ducimus nisi. Aperiam vel ea ipsa. Et aut et provident numquam est.', 0, 0, '1985-08-02 19:17:17');
INSERT INTO `messages` (`from_user_id`, `to_user_id`, `body`, `important`, `delivered`, `created_at`) VALUES (36, 30, 'Quibusdam quia omnis voluptatem in atque provident accusamus. Eius debitis deleniti unde minus sit et quis. Molestiae a consequatur quaerat.', 0, 1, '2005-11-19 20:40:35');
INSERT INTO `messages` (`from_user_id`, `to_user_id`, `body`, `important`, `delivered`, `created_at`) VALUES (37, 73, 'Nobis eius voluptates dolores hic officia debitis quia asperiores. Deleniti ea quaerat soluta explicabo explicabo. Repudiandae rerum eum earum nesciunt expedita vel.', 1, 1, '2010-11-06 23:49:32');
INSERT INTO `messages` (`from_user_id`, `to_user_id`, `body`, `important`, `delivered`, `created_at`) VALUES (38, 35, 'Culpa sit autem aut qui a iste. Mollitia in dolorum similique consequatur repellat. Ut beatae voluptas similique.', 1, 0, '1981-12-01 10:14:12');
INSERT INTO `messages` (`from_user_id`, `to_user_id`, `body`, `important`, `delivered`, `created_at`) VALUES (38, 82, 'Excepturi quod cumque ex animi et dicta aut. Qui sed possimus dolor omnis sed modi. Voluptatem sed voluptas modi autem est velit optio. Illo corporis rerum soluta praesentium dolores quis.', 0, 1, '1982-08-03 09:49:41');
INSERT INTO `messages` (`from_user_id`, `to_user_id`, `body`, `important`, `delivered`, `created_at`) VALUES (38, 21, 'Quia sed commodi nobis excepturi ut eum impedit. Consequuntur quibusdam delectus rerum quaerat aut maxime soluta eius. Est itaque iusto ea non. Doloribus atque et veritatis odio et. Aliquid necessitatibus nostrum consequatur error.', 0, 0, '2004-05-30 15:26:11');
INSERT INTO `messages` (`from_user_id`, `to_user_id`, `body`, `important`, `delivered`, `created_at`) VALUES (40, 80, 'Laudantium magni fugit dicta vero placeat sit. Ipsa qui velit ut placeat sunt iste non temporibus. Quam consequuntur quam quis sit. Et sit sapiente voluptatem esse delectus. Sunt architecto officia doloribus pariatur quas.', 1, 0, '1971-07-11 10:25:24');
INSERT INTO `messages` (`from_user_id`, `to_user_id`, `body`, `important`, `delivered`, `created_at`) VALUES (40, 55, 'Id ut expedita excepturi. Et est repellat sunt quod. Quasi ut quod magni nihil.', 0, 0, '1972-08-16 18:01:44');
INSERT INTO `messages` (`from_user_id`, `to_user_id`, `body`, `important`, `delivered`, `created_at`) VALUES (40, 43, 'Est sed ipsa a illo. Sapiente veritatis velit est numquam tenetur commodi molestiae. Dolorem repellendus et optio aut vero.', 1, 1, '1979-08-16 12:58:25');
INSERT INTO `messages` (`from_user_id`, `to_user_id`, `body`, `important`, `delivered`, `created_at`) VALUES (41, 16, 'Aspernatur fugit id voluptate ut sequi. Iste adipisci sunt rerum sunt. Rerum aperiam fugit repellat et nisi.', 0, 0, '1994-05-25 04:36:03');
INSERT INTO `messages` (`from_user_id`, `to_user_id`, `body`, `important`, `delivered`, `created_at`) VALUES (41, 91, 'Voluptas eligendi nobis omnis et repudiandae. Dolorum rerum illum ea ab quam optio vitae. Odit doloremque enim ut. Eum dolorem odit iusto voluptas dolores assumenda.', 1, 1, '2017-09-07 13:37:15');
INSERT INTO `messages` (`from_user_id`, `to_user_id`, `body`, `important`, `delivered`, `created_at`) VALUES (42, 36, 'Eum placeat quia numquam in iste. Autem recusandae dolorem voluptatem quibusdam suscipit. Amet non qui pariatur sint.', 1, 0, '1972-02-02 19:09:39');
INSERT INTO `messages` (`from_user_id`, `to_user_id`, `body`, `important`, `delivered`, `created_at`) VALUES (43, 9, 'Officiis consectetur ea qui sit. Voluptas distinctio soluta enim dolor repellendus. Enim tenetur placeat dolor qui aliquid modi deleniti. Aut asperiores voluptatem autem et aut dolores alias.', 0, 0, '1977-12-14 23:57:40');
INSERT INTO `messages` (`from_user_id`, `to_user_id`, `body`, `important`, `delivered`, `created_at`) VALUES (43, 30, 'Atque sit ab iusto corporis possimus. Dolores ab et dolorem cumque in quam enim. Dignissimos et voluptatem et. Nisi saepe a quasi laborum. Tenetur consequuntur perspiciatis ut.', 0, 1, '2015-08-22 13:27:45');
INSERT INTO `messages` (`from_user_id`, `to_user_id`, `body`, `important`, `delivered`, `created_at`) VALUES (44, 16, 'Ea aperiam non facilis numquam sapiente fugit atque. Qui et voluptas architecto et illum et. Et id rem quo quos mollitia temporibus. Nostrum nam mollitia iste veniam in reprehenderit. Quisquam numquam enim id quas iusto aut esse.', 0, 0, '1987-05-28 17:16:12');
INSERT INTO `messages` (`from_user_id`, `to_user_id`, `body`, `important`, `delivered`, `created_at`) VALUES (44, 90, 'Beatae vel doloribus ut eum excepturi. Optio nihil porro impedit. Ullam quasi alias cum animi. Et consequatur non magni reprehenderit. Eaque sint a magni.', 0, 1, '2015-03-31 13:45:20');
INSERT INTO `messages` (`from_user_id`, `to_user_id`, `body`, `important`, `delivered`, `created_at`) VALUES (45, 56, 'Eveniet rerum et blanditiis asperiores sed. Eum exercitationem veniam dolor eos iusto. Nostrum qui nihil odio doloribus et reiciendis pariatur. Eaque voluptatem vel consectetur eveniet ullam sint.', 1, 1, '1991-02-16 10:33:06');
INSERT INTO `messages` (`from_user_id`, `to_user_id`, `body`, `important`, `delivered`, `created_at`) VALUES (47, 100, 'Assumenda mollitia doloribus eveniet est et temporibus inventore qui. Dolor sed rerum dolorem nemo quae.', 0, 0, '1999-10-15 23:38:16');
INSERT INTO `messages` (`from_user_id`, `to_user_id`, `body`, `important`, `delivered`, `created_at`) VALUES (47, 93, 'Quae ut sunt id occaecati iure. Omnis nam dolor porro animi tempore accusantium voluptate voluptatem. Voluptas est aut eum sit temporibus minima molestias. Temporibus unde sed eaque iste vel assumenda earum.', 1, 0, '2018-12-16 17:56:34');
INSERT INTO `messages` (`from_user_id`, `to_user_id`, `body`, `important`, `delivered`, `created_at`) VALUES (50, 25, 'Molestiae dolorum aut repellat natus. Necessitatibus alias quo nemo non. Sit est assumenda necessitatibus sint. Nesciunt nam qui dolorem iusto consequatur perferendis.', 1, 1, '2006-05-19 06:15:57');
INSERT INTO `messages` (`from_user_id`, `to_user_id`, `body`, `important`, `delivered`, `created_at`) VALUES (52, 85, 'Et omnis minima nihil earum aut voluptatem aut. Esse voluptatibus necessitatibus repellat ut cupiditate sit. Dolores qui deserunt ipsum porro. Dignissimos praesentium repudiandae aut magnam veniam eligendi consectetur sed. Molestias quia ea quis explicabo ea beatae.', 0, 1, '1990-04-05 03:56:01');
INSERT INTO `messages` (`from_user_id`, `to_user_id`, `body`, `important`, `delivered`, `created_at`) VALUES (52, 71, 'Qui doloremque et consequuntur possimus tempora libero. Eum aut voluptas vitae voluptatem dolorem. Illo soluta voluptate quae fugiat qui a. Vel voluptatem quidem placeat dolorum quia aperiam nostrum.', 1, 1, '1996-03-01 10:40:15');
INSERT INTO `messages` (`from_user_id`, `to_user_id`, `body`, `important`, `delivered`, `created_at`) VALUES (52, 10, 'Quia reiciendis ratione quasi impedit. Molestiae nostrum quis recusandae iste. Eligendi velit labore ullam consectetur. Est autem praesentium incidunt ea magnam magnam qui.', 0, 0, '2007-08-21 05:03:25');
INSERT INTO `messages` (`from_user_id`, `to_user_id`, `body`, `important`, `delivered`, `created_at`) VALUES (53, 83, 'Provident sint quasi dolorum dolorum necessitatibus consequuntur. Inventore aspernatur voluptates hic distinctio sunt nostrum autem. Cumque odit delectus veritatis qui illum. Maxime debitis illo veniam nobis et occaecati amet.', 0, 1, '2011-07-10 06:51:51');
INSERT INTO `messages` (`from_user_id`, `to_user_id`, `body`, `important`, `delivered`, `created_at`) VALUES (54, 89, 'Labore quo eveniet maxime. Commodi asperiores est placeat reiciendis voluptatem ex quasi amet. Aut ipsum voluptate in quis impedit.', 0, 0, '2004-10-31 18:31:10');
INSERT INTO `messages` (`from_user_id`, `to_user_id`, `body`, `important`, `delivered`, `created_at`) VALUES (55, 19, 'Voluptatum labore mollitia libero corrupti iusto. Doloremque illum ex quae est hic nihil a. Sapiente eum facere quod iste ullam laudantium sed. Voluptatem suscipit dolorem voluptate placeat possimus.', 0, 0, '2009-11-24 12:18:06');
INSERT INTO `messages` (`from_user_id`, `to_user_id`, `body`, `important`, `delivered`, `created_at`) VALUES (55, 84, 'Ab repellendus eum sunt quis. Sed iste ut corrupti modi. Quia eos sequi praesentium nihil voluptas adipisci quaerat. Esse alias velit inventore possimus.', 0, 0, '2014-12-02 13:13:51');
INSERT INTO `messages` (`from_user_id`, `to_user_id`, `body`, `important`, `delivered`, `created_at`) VALUES (56, 99, 'Ipsa praesentium esse rerum voluptatem. Eligendi pariatur iste et. Rerum placeat itaque deserunt nostrum iusto id provident impedit.', 1, 1, '2003-10-06 18:21:17');
INSERT INTO `messages` (`from_user_id`, `to_user_id`, `body`, `important`, `delivered`, `created_at`) VALUES (58, 62, 'Qui quidem commodi aliquid vitae delectus nulla. Illum consequuntur voluptate totam nam quo aspernatur. Voluptas perspiciatis officia eligendi odit eum ea et. Sequi maiores similique odio quam ut.', 1, 0, '2007-11-18 21:58:25');
INSERT INTO `messages` (`from_user_id`, `to_user_id`, `body`, `important`, `delivered`, `created_at`) VALUES (59, 72, 'Non in nesciunt saepe esse. Qui id iusto et fugit totam illum ratione est. Fugit veniam dolore odio error. Et quam distinctio voluptates recusandae molestiae qui eum quis.', 0, 1, '1997-11-12 07:48:34');
INSERT INTO `messages` (`from_user_id`, `to_user_id`, `body`, `important`, `delivered`, `created_at`) VALUES (60, 27, 'Minus qui vel fuga hic sapiente adipisci quasi. Repellendus aperiam itaque voluptas quis id velit ut et. Iure debitis qui et et voluptate aut.', 1, 0, '1986-09-30 16:04:33');
INSERT INTO `messages` (`from_user_id`, `to_user_id`, `body`, `important`, `delivered`, `created_at`) VALUES (61, 58, 'Est doloribus ut explicabo et aliquam tempore ut. Aut quis est ut est aut molestias. Ut dolores aut quia et recusandae sit quae. Necessitatibus et blanditiis nihil nostrum eligendi et. Tempora quasi ut molestiae libero.', 0, 0, '1992-01-13 08:30:53');
INSERT INTO `messages` (`from_user_id`, `to_user_id`, `body`, `important`, `delivered`, `created_at`) VALUES (63, 16, 'Molestiae sequi ipsa aut corrupti. Delectus ratione totam voluptas tempore. Ipsa fugit saepe reiciendis aut quia id. Hic ab qui aut nisi et consequatur modi.', 1, 0, '2017-06-17 17:46:12');
INSERT INTO `messages` (`from_user_id`, `to_user_id`, `body`, `important`, `delivered`, `created_at`) VALUES (64, 66, 'Dignissimos nisi dolores ex fuga magnam sed. Aut magnam in architecto veritatis. Nisi dolorem dolorem fugit dolores quos est.', 0, 1, '1972-09-28 23:01:35');
INSERT INTO `messages` (`from_user_id`, `to_user_id`, `body`, `important`, `delivered`, `created_at`) VALUES (64, 85, 'Aut corporis quidem at in. Quam consequatur ea qui dolorem quia necessitatibus. Omnis quisquam est dolorem.', 1, 1, '1981-07-02 23:58:27');
INSERT INTO `messages` (`from_user_id`, `to_user_id`, `body`, `important`, `delivered`, `created_at`) VALUES (67, 24, 'Voluptatem veritatis laboriosam ea nesciunt dignissimos. Delectus et vel inventore. Labore ratione omnis quia.', 0, 1, '1975-06-25 13:47:51');
INSERT INTO `messages` (`from_user_id`, `to_user_id`, `body`, `important`, `delivered`, `created_at`) VALUES (68, 27, 'Velit ipsum quo quo vel quis reprehenderit et. Commodi vel temporibus tempora qui odit minus. Labore commodi quidem magni laborum cum. Dolorem ut et veniam accusamus harum. Autem incidunt quas quo cupiditate ex est dolor consequuntur.', 1, 1, '1978-03-26 08:01:17');
INSERT INTO `messages` (`from_user_id`, `to_user_id`, `body`, `important`, `delivered`, `created_at`) VALUES (68, 10, 'Ad deserunt quidem reprehenderit blanditiis. Quo vitae reprehenderit eos asperiores quidem. Voluptatem quam nam aut.', 0, 1, '1990-03-05 21:42:01');
INSERT INTO `messages` (`from_user_id`, `to_user_id`, `body`, `important`, `delivered`, `created_at`) VALUES (69, 100, 'Voluptates veritatis vero velit quibusdam quos. Sint corporis mollitia natus ab aut. Voluptatum consequuntur voluptates rerum molestiae expedita. Asperiores dolorem labore voluptate et adipisci aut debitis. Qui sunt molestiae quas dignissimos placeat libero praesentium quis.', 1, 0, '1993-12-07 08:31:49');
INSERT INTO `messages` (`from_user_id`, `to_user_id`, `body`, `important`, `delivered`, `created_at`) VALUES (72, 19, 'Non officiis officia ipsam omnis. Eligendi et dolore laboriosam illum.', 0, 0, '1988-06-10 22:36:45');
INSERT INTO `messages` (`from_user_id`, `to_user_id`, `body`, `important`, `delivered`, `created_at`) VALUES (72, 12, 'Autem qui est a eveniet magnam architecto error. Adipisci libero tempore voluptatum voluptatem voluptatum ut est. Molestiae qui illum vitae dolorum temporibus repellendus. Saepe eos voluptas delectus animi.', 1, 1, '2001-07-12 22:42:08');
INSERT INTO `messages` (`from_user_id`, `to_user_id`, `body`, `important`, `delivered`, `created_at`) VALUES (73, 75, 'Eaque dolorem quasi odio repellendus quo quis molestias et. Dolor sint sequi libero dolorem laudantium. Quia laboriosam qui similique in dolores totam quo cumque. Iure vitae repellendus perferendis autem dolores consequuntur.', 0, 0, '1983-09-30 14:13:49');
INSERT INTO `messages` (`from_user_id`, `to_user_id`, `body`, `important`, `delivered`, `created_at`) VALUES (74, 41, 'Quisquam ducimus atque blanditiis aut ea. Fuga aut explicabo numquam. Modi voluptatem unde et nulla unde voluptatem quis.', 0, 1, '2003-10-24 17:48:27');
INSERT INTO `messages` (`from_user_id`, `to_user_id`, `body`, `important`, `delivered`, `created_at`) VALUES (75, 86, 'Ea ut aliquid aliquid. Quo molestiae in eum. Id quasi reiciendis sint fugiat iusto dolorem accusamus.', 0, 0, '2006-09-05 08:25:12');
INSERT INTO `messages` (`from_user_id`, `to_user_id`, `body`, `important`, `delivered`, `created_at`) VALUES (76, 3, 'Ex alias exercitationem in voluptatem repellendus est. Voluptatem recusandae tempora laudantium provident dolores cumque. Minima et fugiat sint doloribus quos provident eum. Accusantium dolore harum aut tenetur omnis aliquid.', 0, 1, '2005-02-02 06:37:44');
INSERT INTO `messages` (`from_user_id`, `to_user_id`, `body`, `important`, `delivered`, `created_at`) VALUES (79, 18, 'Velit est optio quia et. Asperiores molestiae maiores nostrum cupiditate voluptas. Consequatur blanditiis deserunt dolorem dolores.', 0, 0, '1976-02-29 15:05:33');
INSERT INTO `messages` (`from_user_id`, `to_user_id`, `body`, `important`, `delivered`, `created_at`) VALUES (81, 31, 'Facere ut ut culpa qui et sapiente et. Dignissimos nobis nihil earum magnam aut possimus accusantium. Ea earum iusto dolor ut recusandae harum.', 1, 0, '2003-06-07 16:59:55');
INSERT INTO `messages` (`from_user_id`, `to_user_id`, `body`, `important`, `delivered`, `created_at`) VALUES (88, 90, 'Quidem quisquam at sed necessitatibus at sapiente fugit beatae. Tempore quos consequatur fuga quo. Aut odio ea veritatis est.', 0, 0, '1989-06-12 11:57:38');
INSERT INTO `messages` (`from_user_id`, `to_user_id`, `body`, `important`, `delivered`, `created_at`) VALUES (89, 72, 'Aspernatur eveniet tempore facere quia quo. Quam quasi magnam unde deserunt provident.', 0, 0, '1982-06-06 08:38:30');
INSERT INTO `messages` (`from_user_id`, `to_user_id`, `body`, `important`, `delivered`, `created_at`) VALUES (90, 11, 'Et amet ducimus voluptas inventore occaecati. Occaecati eaque nisi sed ratione quo. Vero mollitia omnis non harum dicta. Eveniet totam doloribus minima ea.', 0, 0, '1990-03-31 17:51:19');
INSERT INTO `messages` (`from_user_id`, `to_user_id`, `body`, `important`, `delivered`, `created_at`) VALUES (91, 95, 'Eveniet saepe quae accusantium omnis. Accusantium deleniti ab sed repellat fugiat quam. Architecto nisi sunt tenetur saepe ut. Rerum unde ab autem neque fuga. Harum est sed vero incidunt quae adipisci fuga.', 1, 0, '1977-09-22 05:21:59');
INSERT INTO `messages` (`from_user_id`, `to_user_id`, `body`, `important`, `delivered`, `created_at`) VALUES (91, 77, 'Id pariatur non ab suscipit. Saepe ratione et ipsum qui velit. Enim eligendi quos aut ea. Et ipsam eligendi sunt autem ratione.', 1, 0, '1997-11-30 20:20:31');
INSERT INTO `messages` (`from_user_id`, `to_user_id`, `body`, `important`, `delivered`, `created_at`) VALUES (94, 30, 'Aperiam illum voluptates esse aut. Similique et eum reiciendis quaerat cumque et unde porro. Nostrum commodi itaque quasi. Et reiciendis quod animi ab.', 1, 0, '1973-11-05 20:34:41');
INSERT INTO `messages` (`from_user_id`, `to_user_id`, `body`, `important`, `delivered`, `created_at`) VALUES (95, 83, 'Aut quo sit facere non soluta accusamus. Aut eaque optio vero sit quia ullam odio. Voluptatibus exercitationem est nulla sit.', 0, 1, '2018-09-28 19:18:34');
INSERT INTO `messages` (`from_user_id`, `to_user_id`, `body`, `important`, `delivered`, `created_at`) VALUES (96, 27, 'Qui inventore explicabo quam in quod nemo eligendi pariatur. Nesciunt quaerat deserunt quidem aspernatur eaque facere nemo. Sit autem et expedita sequi placeat.', 0, 1, '1983-12-10 10:19:16');
INSERT INTO `messages` (`from_user_id`, `to_user_id`, `body`, `important`, `delivered`, `created_at`) VALUES (96, 26, 'Ipsam hic consequatur reprehenderit non qui. Sit ducimus nisi quia est laboriosam accusantium. Eaque sed similique et error quia et. Quis temporibus laborum eaque.', 0, 1, '1991-05-19 14:49:07');
INSERT INTO `messages` (`from_user_id`, `to_user_id`, `body`, `important`, `delivered`, `created_at`) VALUES (97, 10, 'Officia laudantium voluptatem quisquam et. Est qui adipisci ea accusamus. Sit quidem et et. Voluptate aut omnis laboriosam maiores et amet.', 1, 0, '1975-04-27 06:02:53');
INSERT INTO `messages` (`from_user_id`, `to_user_id`, `body`, `important`, `delivered`, `created_at`) VALUES (97, 99, 'Illum architecto quidem et qui. Dolores ut magnam totam ipsam nihil quasi consequatur. Accusamus praesentium sed occaecati quia.', 0, 0, '1980-04-09 12:20:40');
INSERT INTO `messages` (`from_user_id`, `to_user_id`, `body`, `important`, `delivered`, `created_at`) VALUES (98, 81, 'Quaerat a quam aliquam. Magnam nihil velit corrupti saepe hic. Asperiores quidem sunt ut pariatur dolorum et vel minus.', 1, 0, '1972-07-02 01:33:07');
INSERT INTO `messages` (`from_user_id`, `to_user_id`, `body`, `important`, `delivered`, `created_at`) VALUES (98, 51, 'Rerum culpa id quas illum eligendi quia quia. Quis sit aut eius rerum tempore molestiae. Aut vel officiis minus voluptas voluptatem quaerat.', 1, 0, '2001-08-10 13:20:08');
INSERT INTO `messages` (`from_user_id`, `to_user_id`, `body`, `important`, `delivered`, `created_at`) VALUES (98, 19, 'Eos dolores aspernatur perferendis aut. Dicta eius illo magni occaecati optio iure fuga dignissimos. Tempore qui nemo occaecati sunt non et voluptas. Ut reprehenderit voluptatibus et.', 0, 1, '2002-11-14 14:35:55');
INSERT INTO `messages` (`from_user_id`, `to_user_id`, `body`, `important`, `delivered`, `created_at`) VALUES (99, 27, 'Sunt eum occaecati autem ratione. Excepturi itaque accusantium nostrum dolores. Dolor earum voluptatibus ut possimus. Et aut voluptas nam provident qui dolor neque.', 1, 1, '1974-12-30 10:56:15');
INSERT INTO `messages` (`from_user_id`, `to_user_id`, `body`, `important`, `delivered`, `created_at`) VALUES (100, 79, 'Dolores ipsam ad hic temporibus voluptas. Ut dicta cumque laboriosam odio. Ullam quisquam est ut deserunt et. Sed ab et voluptates qui ut at. At dolor vitae dolorem eius quia porro.', 0, 1, '2006-07-04 09:20:35');


#
# TABLE STRUCTURE FOR: profiles
#

DROP TABLE IF EXISTS `profiles`;

CREATE TABLE `profiles` (
  `user_id` int(10) unsigned NOT NULL,
  `sex` char(1) COLLATE utf8_unicode_ci NOT NULL,
  `birthday` date DEFAULT NULL,
  `hometown` varchar(100) COLLATE utf8_unicode_ci DEFAULT NULL,
  `photo_id` int(10) unsigned NOT NULL,
  PRIMARY KEY (`user_id`)
) ENGINE=InnoDB DEFAULT CHARSET=utf8 COLLATE=utf8_unicode_ci;

INSERT INTO `profiles` (`user_id`, `sex`, `birthday`, `hometown`, `photo_id`) VALUES (1, 'm', '1989-05-29', 'view', 1);
INSERT INTO `profiles` (`user_id`, `sex`, `birthday`, `hometown`, `photo_id`) VALUES (2, 'm', '1997-09-23', 'chester', 2);
INSERT INTO `profiles` (`user_id`, `sex`, `birthday`, `hometown`, `photo_id`) VALUES (3, 'f', '2017-07-03', 'fort', 3);
INSERT INTO `profiles` (`user_id`, `sex`, `birthday`, `hometown`, `photo_id`) VALUES (4, 'm', '2018-11-07', 'ville', 4);
INSERT INTO `profiles` (`user_id`, `sex`, `birthday`, `hometown`, `photo_id`) VALUES (5, 'm', '2011-11-17', 'port', 5);
INSERT INTO `profiles` (`user_id`, `sex`, `birthday`, `hometown`, `photo_id`) VALUES (6, 'm', '2004-08-06', 'berg', 6);
INSERT INTO `profiles` (`user_id`, `sex`, `birthday`, `hometown`, `photo_id`) VALUES (7, 'f', '1997-11-26', 'view', 7);
INSERT INTO `profiles` (`user_id`, `sex`, `birthday`, `hometown`, `photo_id`) VALUES (8, 'm', '2005-10-27', 'bury', 8);
INSERT INTO `profiles` (`user_id`, `sex`, `birthday`, `hometown`, `photo_id`) VALUES (9, 'm', '2014-06-08', 'mouth', 9);
INSERT INTO `profiles` (`user_id`, `sex`, `birthday`, `hometown`, `photo_id`) VALUES (10, 'f', '2011-09-09', 'port', 10);
INSERT INTO `profiles` (`user_id`, `sex`, `birthday`, `hometown`, `photo_id`) VALUES (11, 'm', '1982-02-06', 'fort', 11);
INSERT INTO `profiles` (`user_id`, `sex`, `birthday`, `hometown`, `photo_id`) VALUES (12, 'm', '2000-10-06', 'land', 12);
INSERT INTO `profiles` (`user_id`, `sex`, `birthday`, `hometown`, `photo_id`) VALUES (13, 'm', '1983-05-29', 'side', 13);
INSERT INTO `profiles` (`user_id`, `sex`, `birthday`, `hometown`, `photo_id`) VALUES (14, 'f', '1994-03-31', 'fort', 14);
INSERT INTO `profiles` (`user_id`, `sex`, `birthday`, `hometown`, `photo_id`) VALUES (15, 'f', '2004-06-22', 'borough', 15);
INSERT INTO `profiles` (`user_id`, `sex`, `birthday`, `hometown`, `photo_id`) VALUES (16, 'f', '1993-10-15', 'mouth', 16);
INSERT INTO `profiles` (`user_id`, `sex`, `birthday`, `hometown`, `photo_id`) VALUES (17, 'f', '2012-04-13', 'fort', 17);
INSERT INTO `profiles` (`user_id`, `sex`, `birthday`, `hometown`, `photo_id`) VALUES (18, 'm', '1993-09-18', 'land', 18);
INSERT INTO `profiles` (`user_id`, `sex`, `birthday`, `hometown`, `photo_id`) VALUES (19, 'm', '2007-04-10', 'burgh', 19);
INSERT INTO `profiles` (`user_id`, `sex`, `birthday`, `hometown`, `photo_id`) VALUES (20, 'm', '2011-09-15', 'ton', 20);
INSERT INTO `profiles` (`user_id`, `sex`, `birthday`, `hometown`, `photo_id`) VALUES (21, 'f', '1980-03-29', 'berg', 21);
INSERT INTO `profiles` (`user_id`, `sex`, `birthday`, `hometown`, `photo_id`) VALUES (22, 'f', '2016-10-25', 'shire', 22);
INSERT INTO `profiles` (`user_id`, `sex`, `birthday`, `hometown`, `photo_id`) VALUES (23, 'm', '1984-08-10', 'mouth', 23);
INSERT INTO `profiles` (`user_id`, `sex`, `birthday`, `hometown`, `photo_id`) VALUES (24, 'f', '1995-10-04', 'burgh', 24);
INSERT INTO `profiles` (`user_id`, `sex`, `birthday`, `hometown`, `photo_id`) VALUES (25, 'm', '2014-11-27', 'haven', 25);
INSERT INTO `profiles` (`user_id`, `sex`, `birthday`, `hometown`, `photo_id`) VALUES (26, 'f', '1985-10-29', 'stad', 26);
INSERT INTO `profiles` (`user_id`, `sex`, `birthday`, `hometown`, `photo_id`) VALUES (27, 'm', '1981-04-08', 'furt', 27);
INSERT INTO `profiles` (`user_id`, `sex`, `birthday`, `hometown`, `photo_id`) VALUES (28, 'm', '2006-05-29', 'chester', 28);
INSERT INTO `profiles` (`user_id`, `sex`, `birthday`, `hometown`, `photo_id`) VALUES (29, 'f', '2005-11-13', 'fort', 29);
INSERT INTO `profiles` (`user_id`, `sex`, `birthday`, `hometown`, `photo_id`) VALUES (30, 'f', '2005-03-25', 'mouth', 30);
INSERT INTO `profiles` (`user_id`, `sex`, `birthday`, `hometown`, `photo_id`) VALUES (31, 'm', '2009-02-14', 'haven', 31);
INSERT INTO `profiles` (`user_id`, `sex`, `birthday`, `hometown`, `photo_id`) VALUES (32, 'f', '1984-07-05', 'mouth', 32);
INSERT INTO `profiles` (`user_id`, `sex`, `birthday`, `hometown`, `photo_id`) VALUES (33, 'm', '1989-03-09', 'borough', 33);
INSERT INTO `profiles` (`user_id`, `sex`, `birthday`, `hometown`, `photo_id`) VALUES (34, 'f', '2006-06-22', 'burgh', 34);
INSERT INTO `profiles` (`user_id`, `sex`, `birthday`, `hometown`, `photo_id`) VALUES (35, 'm', '1994-03-27', 'ville', 35);
INSERT INTO `profiles` (`user_id`, `sex`, `birthday`, `hometown`, `photo_id`) VALUES (36, 'm', '1989-06-14', 'ville', 36);
INSERT INTO `profiles` (`user_id`, `sex`, `birthday`, `hometown`, `photo_id`) VALUES (37, 'f', '1996-05-11', 'ville', 37);
INSERT INTO `profiles` (`user_id`, `sex`, `birthday`, `hometown`, `photo_id`) VALUES (38, 'f', '2018-01-31', 'mouth', 38);
INSERT INTO `profiles` (`user_id`, `sex`, `birthday`, `hometown`, `photo_id`) VALUES (39, 'f', '1981-01-19', 'shire', 39);
INSERT INTO `profiles` (`user_id`, `sex`, `birthday`, `hometown`, `photo_id`) VALUES (40, 'm', '2016-08-29', 'bury', 40);
INSERT INTO `profiles` (`user_id`, `sex`, `birthday`, `hometown`, `photo_id`) VALUES (41, 'm', '1996-05-04', 'mouth', 41);
INSERT INTO `profiles` (`user_id`, `sex`, `birthday`, `hometown`, `photo_id`) VALUES (42, 'f', '2012-07-25', 'borough', 42);
INSERT INTO `profiles` (`user_id`, `sex`, `birthday`, `hometown`, `photo_id`) VALUES (43, 'f', '2010-07-25', 'borough', 43);
INSERT INTO `profiles` (`user_id`, `sex`, `birthday`, `hometown`, `photo_id`) VALUES (44, 'f', '1971-07-09', 'furt', 44);
INSERT INTO `profiles` (`user_id`, `sex`, `birthday`, `hometown`, `photo_id`) VALUES (45, 'm', '2000-09-18', 'stad', 45);
INSERT INTO `profiles` (`user_id`, `sex`, `birthday`, `hometown`, `photo_id`) VALUES (46, 'f', '1988-09-07', 'borough', 46);
INSERT INTO `profiles` (`user_id`, `sex`, `birthday`, `hometown`, `photo_id`) VALUES (47, 'm', '2010-09-09', 'chester', 47);
INSERT INTO `profiles` (`user_id`, `sex`, `birthday`, `hometown`, `photo_id`) VALUES (48, 'f', '1995-06-15', 'borough', 48);
INSERT INTO `profiles` (`user_id`, `sex`, `birthday`, `hometown`, `photo_id`) VALUES (49, 'm', '1972-08-17', 'town', 49);
INSERT INTO `profiles` (`user_id`, `sex`, `birthday`, `hometown`, `photo_id`) VALUES (50, 'm', '2001-04-08', 'view', 50);
INSERT INTO `profiles` (`user_id`, `sex`, `birthday`, `hometown`, `photo_id`) VALUES (51, 'm', '2009-04-13', 'view', 51);
INSERT INTO `profiles` (`user_id`, `sex`, `birthday`, `hometown`, `photo_id`) VALUES (52, 'm', '2016-11-09', 'berg', 52);
INSERT INTO `profiles` (`user_id`, `sex`, `birthday`, `hometown`, `photo_id`) VALUES (53, 'm', '1989-07-16', 'town', 53);
INSERT INTO `profiles` (`user_id`, `sex`, `birthday`, `hometown`, `photo_id`) VALUES (54, 'f', '2013-08-11', 'berg', 54);
INSERT INTO `profiles` (`user_id`, `sex`, `birthday`, `hometown`, `photo_id`) VALUES (55, 'f', '1985-11-30', 'town', 55);
INSERT INTO `profiles` (`user_id`, `sex`, `birthday`, `hometown`, `photo_id`) VALUES (56, 'm', '1993-01-15', 'port', 56);
INSERT INTO `profiles` (`user_id`, `sex`, `birthday`, `hometown`, `photo_id`) VALUES (57, 'm', '2016-07-27', 'chester', 57);
INSERT INTO `profiles` (`user_id`, `sex`, `birthday`, `hometown`, `photo_id`) VALUES (58, 'f', '1992-01-07', 'port', 58);
INSERT INTO `profiles` (`user_id`, `sex`, `birthday`, `hometown`, `photo_id`) VALUES (59, 'f', '1991-08-27', 'chester', 59);
INSERT INTO `profiles` (`user_id`, `sex`, `birthday`, `hometown`, `photo_id`) VALUES (60, 'm', '2018-04-10', 'berg', 60);
INSERT INTO `profiles` (`user_id`, `sex`, `birthday`, `hometown`, `photo_id`) VALUES (61, 'm', '1975-11-03', 'burgh', 61);
INSERT INTO `profiles` (`user_id`, `sex`, `birthday`, `hometown`, `photo_id`) VALUES (62, 'f', '1991-01-25', 'mouth', 62);
INSERT INTO `profiles` (`user_id`, `sex`, `birthday`, `hometown`, `photo_id`) VALUES (63, 'f', '1996-12-05', 'stad', 63);
INSERT INTO `profiles` (`user_id`, `sex`, `birthday`, `hometown`, `photo_id`) VALUES (64, 'f', '1973-01-15', 'chester', 64);
INSERT INTO `profiles` (`user_id`, `sex`, `birthday`, `hometown`, `photo_id`) VALUES (65, 'f', '2005-09-21', 'furt', 65);
INSERT INTO `profiles` (`user_id`, `sex`, `birthday`, `hometown`, `photo_id`) VALUES (66, 'f', '1981-02-18', 'mouth', 66);
INSERT INTO `profiles` (`user_id`, `sex`, `birthday`, `hometown`, `photo_id`) VALUES (67, 'm', '1980-02-01', 'side', 67);
INSERT INTO `profiles` (`user_id`, `sex`, `birthday`, `hometown`, `photo_id`) VALUES (68, 'm', '1980-03-26', 'land', 68);
INSERT INTO `profiles` (`user_id`, `sex`, `birthday`, `hometown`, `photo_id`) VALUES (69, 'm', '1974-08-03', 'side', 69);
INSERT INTO `profiles` (`user_id`, `sex`, `birthday`, `hometown`, `photo_id`) VALUES (70, 'm', '1992-10-25', 'side', 70);
INSERT INTO `profiles` (`user_id`, `sex`, `birthday`, `hometown`, `photo_id`) VALUES (71, 'm', '1997-02-22', 'fort', 71);
INSERT INTO `profiles` (`user_id`, `sex`, `birthday`, `hometown`, `photo_id`) VALUES (72, 'm', '1976-03-17', 'chester', 72);
INSERT INTO `profiles` (`user_id`, `sex`, `birthday`, `hometown`, `photo_id`) VALUES (73, 'f', '1984-04-14', 'ton', 73);
INSERT INTO `profiles` (`user_id`, `sex`, `birthday`, `hometown`, `photo_id`) VALUES (74, 'f', '1993-07-27', 'bury', 74);
INSERT INTO `profiles` (`user_id`, `sex`, `birthday`, `hometown`, `photo_id`) VALUES (75, 'f', '1980-03-30', 'chester', 75);
INSERT INTO `profiles` (`user_id`, `sex`, `birthday`, `hometown`, `photo_id`) VALUES (76, 'f', '2011-11-30', 'mouth', 76);
INSERT INTO `profiles` (`user_id`, `sex`, `birthday`, `hometown`, `photo_id`) VALUES (77, 'f', '1987-03-26', 'ville', 77);
INSERT INTO `profiles` (`user_id`, `sex`, `birthday`, `hometown`, `photo_id`) VALUES (78, 'm', '1983-01-24', 'mouth', 78);
INSERT INTO `profiles` (`user_id`, `sex`, `birthday`, `hometown`, `photo_id`) VALUES (79, 'f', '1973-09-03', 'town', 79);
INSERT INTO `profiles` (`user_id`, `sex`, `birthday`, `hometown`, `photo_id`) VALUES (80, 'f', '1996-08-28', 'furt', 80);
INSERT INTO `profiles` (`user_id`, `sex`, `birthday`, `hometown`, `photo_id`) VALUES (81, 'm', '1990-10-02', 'land', 81);
INSERT INTO `profiles` (`user_id`, `sex`, `birthday`, `hometown`, `photo_id`) VALUES (82, 'm', '1971-12-20', 'mouth', 82);
INSERT INTO `profiles` (`user_id`, `sex`, `birthday`, `hometown`, `photo_id`) VALUES (83, 'f', '2011-11-06', 'land', 83);
INSERT INTO `profiles` (`user_id`, `sex`, `birthday`, `hometown`, `photo_id`) VALUES (84, 'm', '1974-10-26', 'view', 84);
INSERT INTO `profiles` (`user_id`, `sex`, `birthday`, `hometown`, `photo_id`) VALUES (85, 'f', '1988-05-04', 'borough', 85);
INSERT INTO `profiles` (`user_id`, `sex`, `birthday`, `hometown`, `photo_id`) VALUES (86, 'f', '2010-06-14', 'bury', 86);
INSERT INTO `profiles` (`user_id`, `sex`, `birthday`, `hometown`, `photo_id`) VALUES (87, 'f', '2002-05-10', 'chester', 87);
INSERT INTO `profiles` (`user_id`, `sex`, `birthday`, `hometown`, `photo_id`) VALUES (88, 'm', '2006-06-27', 'borough', 88);
INSERT INTO `profiles` (`user_id`, `sex`, `birthday`, `hometown`, `photo_id`) VALUES (89, 'm', '2016-05-13', 'borough', 89);
INSERT INTO `profiles` (`user_id`, `sex`, `birthday`, `hometown`, `photo_id`) VALUES (90, 'm', '1994-11-16', 'shire', 90);
INSERT INTO `profiles` (`user_id`, `sex`, `birthday`, `hometown`, `photo_id`) VALUES (91, 'f', '2014-09-28', 'town', 91);
INSERT INTO `profiles` (`user_id`, `sex`, `birthday`, `hometown`, `photo_id`) VALUES (92, 'm', '1992-09-21', 'berg', 92);
INSERT INTO `profiles` (`user_id`, `sex`, `birthday`, `hometown`, `photo_id`) VALUES (93, 'f', '2001-05-08', 'chester', 93);
INSERT INTO `profiles` (`user_id`, `sex`, `birthday`, `hometown`, `photo_id`) VALUES (94, 'f', '2000-10-08', 'shire', 94);
INSERT INTO `profiles` (`user_id`, `sex`, `birthday`, `hometown`, `photo_id`) VALUES (95, 'f', '2009-10-11', 'mouth', 95);
INSERT INTO `profiles` (`user_id`, `sex`, `birthday`, `hometown`, `photo_id`) VALUES (96, 'f', '1993-11-21', 'view', 96);
INSERT INTO `profiles` (`user_id`, `sex`, `birthday`, `hometown`, `photo_id`) VALUES (97, 'm', '1985-09-17', 'stad', 97);
INSERT INTO `profiles` (`user_id`, `sex`, `birthday`, `hometown`, `photo_id`) VALUES (98, 'f', '1987-05-15', 'town', 98);
INSERT INTO `profiles` (`user_id`, `sex`, `birthday`, `hometown`, `photo_id`) VALUES (99, 'f', '1992-07-10', 'view', 99);
INSERT INTO `profiles` (`user_id`, `sex`, `birthday`, `hometown`, `photo_id`) VALUES (100, 'm', '1985-08-23', 'port', 100);


#
# TABLE STRUCTURE FOR: users
#

DROP TABLE IF EXISTS `users`;

CREATE TABLE `users` (
  `id` int(10) unsigned NOT NULL AUTO_INCREMENT,
  `firstname` varchar(100) COLLATE utf8_unicode_ci NOT NULL,
  `lastname` varchar(100) COLLATE utf8_unicode_ci NOT NULL,
  `email` varchar(120) COLLATE utf8_unicode_ci NOT NULL,
  `phone` varchar(120) COLLATE utf8_unicode_ci NOT NULL,
  `created_at` datetime DEFAULT current_timestamp(),
  `updated_at` datetime DEFAULT current_timestamp() ON UPDATE current_timestamp(),
  PRIMARY KEY (`id`),
  UNIQUE KEY `email` (`email`),
  UNIQUE KEY `phone` (`phone`)
) ENGINE=InnoDB AUTO_INCREMENT=101 DEFAULT CHARSET=utf8 COLLATE=utf8_unicode_ci;

INSERT INTO `users` (`id`, `firstname`, `lastname`, `email`, `phone`, `created_at`, `updated_at`) VALUES (1, 'Jalen', 'Ritchie', 'mveum@example.net', '332-591-3832', '1972-04-13 22:41:45', '1980-05-11 17:23:33');
INSERT INTO `users` (`id`, `firstname`, `lastname`, `email`, `phone`, `created_at`, `updated_at`) VALUES (2, 'Anais', 'Predovic', 'skertzmann@example.net', '(919)302-4580x685', '1988-03-06 04:00:16', '2012-09-29 20:10:01');
INSERT INTO `users` (`id`, `firstname`, `lastname`, `email`, `phone`, `created_at`, `updated_at`) VALUES (3, 'Adrienne', 'Ritchie', 'fisher.julien@example.net', '+63(7)4233443912', '1996-01-19 06:22:26', '2007-12-16 04:47:08');
INSERT INTO `users` (`id`, `firstname`, `lastname`, `email`, `phone`, `created_at`, `updated_at`) VALUES (4, 'Norene', 'Schmitt', 'conroy.christophe@example.com', '(587)905-2327x6517', '1982-11-25 17:44:04', '2002-10-13 04:26:07');
INSERT INTO `users` (`id`, `firstname`, `lastname`, `email`, `phone`, `created_at`, `updated_at`) VALUES (5, 'Wanda', 'Cruickshank', 'hrobel@example.org', '786-621-7131x9650', '1992-11-18 16:45:34', '2007-05-21 02:12:22');
INSERT INTO `users` (`id`, `firstname`, `lastname`, `email`, `phone`, `created_at`, `updated_at`) VALUES (6, 'Karolann', 'Kuhlman', 'ziemann.andres@example.org', '(634)781-4543x73332', '1971-01-27 23:24:01', '2007-10-01 18:38:09');
INSERT INTO `users` (`id`, `firstname`, `lastname`, `email`, `phone`, `created_at`, `updated_at`) VALUES (7, 'Selina', 'Ebert', 'greg67@example.org', '00892087288', '2000-09-27 03:11:14', '1985-06-08 12:14:21');
INSERT INTO `users` (`id`, `firstname`, `lastname`, `email`, `phone`, `created_at`, `updated_at`) VALUES (8, 'Kennedi', 'Hegmann', 'ziemann.grace@example.org', '826-360-5870x393', '2004-02-05 20:37:29', '1989-08-27 01:25:38');
INSERT INTO `users` (`id`, `firstname`, `lastname`, `email`, `phone`, `created_at`, `updated_at`) VALUES (9, 'Duncan', 'Ortiz', 'lgrady@example.org', '077-331-5141x02744', '1987-05-20 09:50:54', '2011-04-24 07:40:09');
INSERT INTO `users` (`id`, `firstname`, `lastname`, `email`, `phone`, `created_at`, `updated_at`) VALUES (10, 'Zelda', 'Brakus', 'kertzmann.cale@example.org', '989.142.7692', '1980-02-29 09:35:44', '2009-05-13 19:56:18');
INSERT INTO `users` (`id`, `firstname`, `lastname`, `email`, `phone`, `created_at`, `updated_at`) VALUES (11, 'Angela', 'Bergnaum', 'berta.mante@example.org', '019.696.2419', '1984-11-21 01:45:19', '2014-01-03 22:34:45');
INSERT INTO `users` (`id`, `firstname`, `lastname`, `email`, `phone`, `created_at`, `updated_at`) VALUES (12, 'Brandon', 'Brakus', 'troy.kutch@example.org', '677.223.5053x9770', '1978-07-15 07:00:51', '1985-11-28 18:58:58');
INSERT INTO `users` (`id`, `firstname`, `lastname`, `email`, `phone`, `created_at`, `updated_at`) VALUES (13, 'Hazle', 'Lesch', 'corwin.ally@example.org', '1-283-373-2393', '2008-03-18 03:36:07', '1974-02-20 13:01:01');
INSERT INTO `users` (`id`, `firstname`, `lastname`, `email`, `phone`, `created_at`, `updated_at`) VALUES (14, 'Darien', 'Collier', 'sstreich@example.com', '795.633.0901x660', '2016-04-30 06:55:12', '1974-07-20 05:37:59');
INSERT INTO `users` (`id`, `firstname`, `lastname`, `email`, `phone`, `created_at`, `updated_at`) VALUES (15, 'Bonnie', 'Ferry', 'memard@example.com', '+27(6)1168660291', '2003-03-31 00:51:00', '1980-06-06 13:57:47');
INSERT INTO `users` (`id`, `firstname`, `lastname`, `email`, `phone`, `created_at`, `updated_at`) VALUES (16, 'Heather', 'Brown', 'gust71@example.net', '1-792-617-2994x2628', '1980-12-14 00:58:52', '2002-02-10 03:07:44');
INSERT INTO `users` (`id`, `firstname`, `lastname`, `email`, `phone`, `created_at`, `updated_at`) VALUES (17, 'Carleton', 'Boyle', 'emoore@example.net', '663.811.8577', '2010-01-25 14:09:45', '1996-03-31 01:26:16');
INSERT INTO `users` (`id`, `firstname`, `lastname`, `email`, `phone`, `created_at`, `updated_at`) VALUES (18, 'Judd', 'Boyle', 'ksimonis@example.com', '(514)325-3919', '1986-05-26 13:57:09', '1997-01-21 05:59:01');
INSERT INTO `users` (`id`, `firstname`, `lastname`, `email`, `phone`, `created_at`, `updated_at`) VALUES (19, 'Stanley', 'Baumbach', 'ziemann.raheem@example.com', '104.723.8694', '2004-08-20 01:52:02', '1980-08-27 12:14:12');
INSERT INTO `users` (`id`, `firstname`, `lastname`, `email`, `phone`, `created_at`, `updated_at`) VALUES (20, 'Savanah', 'Deckow', 'jokuneva@example.com', '(994)268-5846', '1997-08-18 07:49:22', '1980-01-21 06:37:33');
INSERT INTO `users` (`id`, `firstname`, `lastname`, `email`, `phone`, `created_at`, `updated_at`) VALUES (21, 'Josie', 'Zieme', 'jena.pfannerstill@example.com', '(843)237-7941', '2018-11-20 20:26:47', '1995-06-17 19:52:14');
INSERT INTO `users` (`id`, `firstname`, `lastname`, `email`, `phone`, `created_at`, `updated_at`) VALUES (22, 'Marcelo', 'Brown', 'kkrajcik@example.com', '294.189.4147', '1975-03-20 08:36:03', '1983-01-09 01:17:18');
INSERT INTO `users` (`id`, `firstname`, `lastname`, `email`, `phone`, `created_at`, `updated_at`) VALUES (23, 'Tyson', 'Stokes', 'porter.jacobs@example.net', '1-933-740-2509', '1994-03-14 03:07:16', '1989-04-05 01:55:44');
INSERT INTO `users` (`id`, `firstname`, `lastname`, `email`, `phone`, `created_at`, `updated_at`) VALUES (24, 'Jeffrey', 'Klocko', 'padberg.damaris@example.com', '304.780.9079', '1970-03-01 23:11:22', '1996-09-19 23:01:44');
INSERT INTO `users` (`id`, `firstname`, `lastname`, `email`, `phone`, `created_at`, `updated_at`) VALUES (25, 'David', 'Jacobson', 'nikolaus.kobe@example.net', '(391)918-7675x572', '1976-07-25 21:44:38', '1977-06-11 04:29:03');
INSERT INTO `users` (`id`, `firstname`, `lastname`, `email`, `phone`, `created_at`, `updated_at`) VALUES (26, 'Adalberto', 'Kuhic', 'dejuan45@example.net', '(503)155-0419x34429', '1970-11-09 19:20:25', '2004-06-20 08:20:24');
INSERT INTO `users` (`id`, `firstname`, `lastname`, `email`, `phone`, `created_at`, `updated_at`) VALUES (27, 'Monique', 'Weissnat', 'bins.darryl@example.net', '+29(5)7566835879', '2019-02-27 14:33:23', '2003-03-02 08:41:48');
INSERT INTO `users` (`id`, `firstname`, `lastname`, `email`, `phone`, `created_at`, `updated_at`) VALUES (28, 'Zora', 'Crist', 'dnikolaus@example.net', '(398)826-7442', '2010-09-17 02:12:07', '2015-10-31 22:52:52');
INSERT INTO `users` (`id`, `firstname`, `lastname`, `email`, `phone`, `created_at`, `updated_at`) VALUES (29, 'Maymie', 'Bogan', 'william81@example.org', '+67(2)3127632586', '2004-08-12 00:28:28', '1995-05-30 05:14:05');
INSERT INTO `users` (`id`, `firstname`, `lastname`, `email`, `phone`, `created_at`, `updated_at`) VALUES (30, 'Dee', 'Jakubowski', 'litzy41@example.net', '1-926-549-9990', '1970-11-24 07:51:28', '1975-06-12 19:58:14');
INSERT INTO `users` (`id`, `firstname`, `lastname`, `email`, `phone`, `created_at`, `updated_at`) VALUES (31, 'Flavie', 'Jaskolski', 'qullrich@example.net', '946-461-4660', '1974-03-28 05:53:07', '2007-05-03 04:39:06');
INSERT INTO `users` (`id`, `firstname`, `lastname`, `email`, `phone`, `created_at`, `updated_at`) VALUES (32, 'Maritza', 'Satterfield', 'ferdman@example.com', '06855435507', '1983-02-07 16:06:34', '1977-07-10 12:14:43');
INSERT INTO `users` (`id`, `firstname`, `lastname`, `email`, `phone`, `created_at`, `updated_at`) VALUES (33, 'Idella', 'Hodkiewicz', 'alivia44@example.org', '617.826.5340x9140', '2011-06-13 12:28:46', '1975-05-06 02:47:41');
INSERT INTO `users` (`id`, `firstname`, `lastname`, `email`, `phone`, `created_at`, `updated_at`) VALUES (34, 'Gregory', 'Fisher', 'catharine.crist@example.org', '+27(1)7857719065', '1992-05-13 09:10:31', '2012-01-09 13:37:17');
INSERT INTO `users` (`id`, `firstname`, `lastname`, `email`, `phone`, `created_at`, `updated_at`) VALUES (35, 'Maryjane', 'Treutel', 'lhowe@example.org', '+03(0)6935620451', '1986-04-19 05:02:44', '1974-07-09 05:57:42');
INSERT INTO `users` (`id`, `firstname`, `lastname`, `email`, `phone`, `created_at`, `updated_at`) VALUES (36, 'Anabel', 'Cremin', 'bogan.duncan@example.net', '034.435.9808', '1973-12-26 10:34:39', '1970-04-12 19:41:31');
INSERT INTO `users` (`id`, `firstname`, `lastname`, `email`, `phone`, `created_at`, `updated_at`) VALUES (37, 'Valentine', 'Dare', 'stanton.jackeline@example.com', '(901)110-6094', '2013-11-16 23:58:55', '1978-02-02 14:28:29');
INSERT INTO `users` (`id`, `firstname`, `lastname`, `email`, `phone`, `created_at`, `updated_at`) VALUES (38, 'Crystal', 'Stehr', 'qcollins@example.com', '718.912.7131x1640', '2006-04-28 16:34:39', '2009-11-23 19:13:31');
INSERT INTO `users` (`id`, `firstname`, `lastname`, `email`, `phone`, `created_at`, `updated_at`) VALUES (39, 'Lincoln', 'Gaylord', 'spinka.jayce@example.net', '139.076.3057', '2000-11-28 16:38:51', '2016-05-13 03:24:39');
INSERT INTO `users` (`id`, `firstname`, `lastname`, `email`, `phone`, `created_at`, `updated_at`) VALUES (40, 'Ulices', 'Botsford', 'cecelia69@example.org', '(767)002-6534', '1993-12-06 06:24:08', '2001-10-12 07:14:52');
INSERT INTO `users` (`id`, `firstname`, `lastname`, `email`, `phone`, `created_at`, `updated_at`) VALUES (41, 'Teagan', 'Wisoky', 'crist.mariane@example.com', '634.899.2168', '1973-12-13 03:37:34', '2016-01-18 04:14:14');
INSERT INTO `users` (`id`, `firstname`, `lastname`, `email`, `phone`, `created_at`, `updated_at`) VALUES (42, 'Lura', 'Douglas', 'rbernier@example.com', '1-560-816-1753', '1989-03-10 05:30:45', '2012-02-07 15:16:02');
INSERT INTO `users` (`id`, `firstname`, `lastname`, `email`, `phone`, `created_at`, `updated_at`) VALUES (43, 'Brian', 'Breitenberg', 'carmelo27@example.net', '08858752184', '2017-07-27 18:04:09', '1991-04-16 11:38:26');
INSERT INTO `users` (`id`, `firstname`, `lastname`, `email`, `phone`, `created_at`, `updated_at`) VALUES (44, 'Montana', 'Glover', 'elenor01@example.org', '1-302-076-3318', '1982-09-22 11:14:51', '2011-01-20 17:24:33');
INSERT INTO `users` (`id`, `firstname`, `lastname`, `email`, `phone`, `created_at`, `updated_at`) VALUES (45, 'Ramona', 'Quitzon', 'white.river@example.org', '484-329-6021', '2013-11-03 01:40:29', '2000-05-06 01:10:21');
INSERT INTO `users` (`id`, `firstname`, `lastname`, `email`, `phone`, `created_at`, `updated_at`) VALUES (46, 'Jewel', 'Tillman', 'bashirian.virgil@example.org', '1-621-101-1605x8627', '1993-12-10 21:28:59', '2001-09-24 14:39:59');
INSERT INTO `users` (`id`, `firstname`, `lastname`, `email`, `phone`, `created_at`, `updated_at`) VALUES (47, 'Judy', 'Wilkinson', 'koch.americo@example.net', '(164)050-2227', '2018-12-06 22:22:59', '1978-07-05 06:01:22');
INSERT INTO `users` (`id`, `firstname`, `lastname`, `email`, `phone`, `created_at`, `updated_at`) VALUES (48, 'Lempi', 'O\'Keefe', 'o\'hara.monserrate@example.com', '(058)940-8575x779', '1995-07-04 13:54:48', '2014-11-18 03:02:33');
INSERT INTO `users` (`id`, `firstname`, `lastname`, `email`, `phone`, `created_at`, `updated_at`) VALUES (49, 'Rahsaan', 'Hettinger', 'vandervort.walter@example.org', '+59(7)2892014591', '1995-03-15 01:34:14', '2005-03-19 00:28:34');
INSERT INTO `users` (`id`, `firstname`, `lastname`, `email`, `phone`, `created_at`, `updated_at`) VALUES (50, 'Katheryn', 'Daniel', 'colton.dare@example.net', '419-889-6176x1188', '2014-08-16 02:21:23', '1986-01-26 17:54:43');
INSERT INTO `users` (`id`, `firstname`, `lastname`, `email`, `phone`, `created_at`, `updated_at`) VALUES (51, 'Hertha', 'Zulauf', 'brent91@example.net', '1-684-098-7202x33889', '1992-05-15 10:22:18', '2012-02-19 23:19:08');
INSERT INTO `users` (`id`, `firstname`, `lastname`, `email`, `phone`, `created_at`, `updated_at`) VALUES (52, 'Emma', 'Dickens', 'vonrueden.herminia@example.org', '07147504815', '1978-11-19 23:14:33', '1984-07-14 14:01:34');
INSERT INTO `users` (`id`, `firstname`, `lastname`, `email`, `phone`, `created_at`, `updated_at`) VALUES (53, 'Lori', 'Bruen', 'bruen.jess@example.org', '+57(9)6080172124', '1989-07-29 02:17:23', '1980-08-16 10:46:04');
INSERT INTO `users` (`id`, `firstname`, `lastname`, `email`, `phone`, `created_at`, `updated_at`) VALUES (54, 'Robbie', 'Ernser', 'magdalena.sauer@example.org', '(689)879-5780x1425', '1981-09-15 04:42:18', '1998-03-10 05:22:25');
INSERT INTO `users` (`id`, `firstname`, `lastname`, `email`, `phone`, `created_at`, `updated_at`) VALUES (55, 'Mekhi', 'Weissnat', 'weissnat.lavern@example.org', '764-901-6688x3221', '2004-06-18 01:49:39', '1979-09-22 12:45:50');
INSERT INTO `users` (`id`, `firstname`, `lastname`, `email`, `phone`, `created_at`, `updated_at`) VALUES (56, 'Lysanne', 'Quigley', 'fcollins@example.org', '1-353-736-8811x6023', '1976-03-30 00:45:00', '1981-12-10 11:22:07');
INSERT INTO `users` (`id`, `firstname`, `lastname`, `email`, `phone`, `created_at`, `updated_at`) VALUES (57, 'Maxine', 'Schamberger', 'lon.braun@example.com', '816.988.8178x790', '1986-03-21 01:16:02', '1999-08-08 13:25:49');
INSERT INTO `users` (`id`, `firstname`, `lastname`, `email`, `phone`, `created_at`, `updated_at`) VALUES (58, 'Braden', 'Dickinson', 'raheem.stoltenberg@example.org', '(727)390-5950x377', '2001-08-03 05:58:50', '2017-01-26 12:59:53');
INSERT INTO `users` (`id`, `firstname`, `lastname`, `email`, `phone`, `created_at`, `updated_at`) VALUES (59, 'Hayden', 'Steuber', 'theodore.mcclure@example.net', '(204)790-1992x728', '1989-08-18 19:35:22', '2015-01-25 17:08:37');
INSERT INTO `users` (`id`, `firstname`, `lastname`, `email`, `phone`, `created_at`, `updated_at`) VALUES (60, 'Frederique', 'Wunsch', 'garrison79@example.com', '223-827-8820', '2010-08-19 01:23:39', '1978-12-24 03:33:00');
INSERT INTO `users` (`id`, `firstname`, `lastname`, `email`, `phone`, `created_at`, `updated_at`) VALUES (61, 'Elias', 'Metz', 'carter.mohamed@example.net', '365.946.8981x857', '2002-08-04 01:03:36', '1992-08-19 17:55:55');
INSERT INTO `users` (`id`, `firstname`, `lastname`, `email`, `phone`, `created_at`, `updated_at`) VALUES (62, 'Rossie', 'Keebler', 'pabernathy@example.net', '924.711.5723', '1994-10-09 01:38:10', '2003-07-30 13:52:11');
INSERT INTO `users` (`id`, `firstname`, `lastname`, `email`, `phone`, `created_at`, `updated_at`) VALUES (63, 'Abigale', 'Okuneva', 'prohaska.monroe@example.net', '1-420-967-9536x46061', '1985-09-05 10:14:13', '1977-06-13 20:22:28');
INSERT INTO `users` (`id`, `firstname`, `lastname`, `email`, `phone`, `created_at`, `updated_at`) VALUES (64, 'Emiliano', 'Smitham', 'raina.nikolaus@example.net', '173.610.3097x2512', '1999-08-07 08:47:05', '2012-02-12 14:56:44');
INSERT INTO `users` (`id`, `firstname`, `lastname`, `email`, `phone`, `created_at`, `updated_at`) VALUES (65, 'Virgie', 'Graham', 'carli61@example.net', '813.338.3834', '1997-11-06 18:26:14', '2007-05-12 00:53:29');
INSERT INTO `users` (`id`, `firstname`, `lastname`, `email`, `phone`, `created_at`, `updated_at`) VALUES (66, 'Carrie', 'Nader', 'cleveland.graham@example.com', '880-698-5970x493', '1990-07-03 10:34:50', '1984-08-27 09:28:28');
INSERT INTO `users` (`id`, `firstname`, `lastname`, `email`, `phone`, `created_at`, `updated_at`) VALUES (67, 'Mozell', 'Anderson', 'pattie03@example.com', '1-552-896-4715', '1992-08-28 23:01:05', '1980-09-19 07:32:29');
INSERT INTO `users` (`id`, `firstname`, `lastname`, `email`, `phone`, `created_at`, `updated_at`) VALUES (68, 'Luigi', 'Will', 'rowe.cecil@example.com', '671.246.8913x01615', '2016-06-23 20:10:18', '1984-09-10 10:09:12');
INSERT INTO `users` (`id`, `firstname`, `lastname`, `email`, `phone`, `created_at`, `updated_at`) VALUES (69, 'Felicity', 'Walker', 'everette.becker@example.net', '04151240631', '1970-05-23 10:22:40', '1984-04-10 09:07:28');
INSERT INTO `users` (`id`, `firstname`, `lastname`, `email`, `phone`, `created_at`, `updated_at`) VALUES (70, 'Shawn', 'Rohan', 'vblanda@example.com', '(684)129-7457', '1989-05-11 12:28:43', '1985-05-04 16:48:55');
INSERT INTO `users` (`id`, `firstname`, `lastname`, `email`, `phone`, `created_at`, `updated_at`) VALUES (71, 'Kyleigh', 'Schmitt', 'kirlin.aaliyah@example.org', '290.625.0849', '1988-05-14 08:41:29', '2007-01-12 02:58:03');
INSERT INTO `users` (`id`, `firstname`, `lastname`, `email`, `phone`, `created_at`, `updated_at`) VALUES (72, 'Orlo', 'Wisoky', 'leonardo76@example.net', '920.246.5129', '2017-04-01 20:36:36', '1978-04-12 03:41:35');
INSERT INTO `users` (`id`, `firstname`, `lastname`, `email`, `phone`, `created_at`, `updated_at`) VALUES (73, 'Alaina', 'Eichmann', 'graham96@example.com', '08677246221', '1991-03-29 17:20:46', '2007-02-13 18:36:49');
INSERT INTO `users` (`id`, `firstname`, `lastname`, `email`, `phone`, `created_at`, `updated_at`) VALUES (74, 'Kavon', 'Sauer', 'alessandra11@example.com', '(069)419-5796x99800', '2012-02-20 17:57:43', '2005-09-30 02:38:16');
INSERT INTO `users` (`id`, `firstname`, `lastname`, `email`, `phone`, `created_at`, `updated_at`) VALUES (75, 'Madonna', 'Heller', 'cruickshank.marquise@example.com', '(080)736-7805x8847', '2013-01-06 12:14:21', '2019-07-10 20:14:08');
INSERT INTO `users` (`id`, `firstname`, `lastname`, `email`, `phone`, `created_at`, `updated_at`) VALUES (76, 'Vilma', 'O\'Hara', 'josefina.ward@example.net', '794-556-2402', '1997-06-14 01:31:50', '1975-03-01 04:22:42');
INSERT INTO `users` (`id`, `firstname`, `lastname`, `email`, `phone`, `created_at`, `updated_at`) VALUES (77, 'Adrienne', 'Reynolds', 'leda97@example.com', '1-205-656-5251x6135', '2016-05-05 07:00:38', '2013-06-23 08:26:36');
INSERT INTO `users` (`id`, `firstname`, `lastname`, `email`, `phone`, `created_at`, `updated_at`) VALUES (78, 'Victor', 'Heller', 'hassan.krajcik@example.com', '393-151-8873x10525', '1974-11-25 04:17:08', '1975-11-24 08:19:16');
INSERT INTO `users` (`id`, `firstname`, `lastname`, `email`, `phone`, `created_at`, `updated_at`) VALUES (79, 'Felton', 'Crona', 'alexandra15@example.net', '(092)136-9246', '1995-10-06 03:00:53', '1987-08-13 17:25:24');
INSERT INTO `users` (`id`, `firstname`, `lastname`, `email`, `phone`, `created_at`, `updated_at`) VALUES (80, 'Bradford', 'Ernser', 'verner62@example.com', '(779)032-6037', '1971-12-30 08:28:05', '1994-07-17 09:40:07');
INSERT INTO `users` (`id`, `firstname`, `lastname`, `email`, `phone`, `created_at`, `updated_at`) VALUES (81, 'Arnoldo', 'Stokes', 'fadel.davion@example.org', '864-278-6967x24862', '1984-09-20 23:53:26', '1985-01-21 12:58:31');
INSERT INTO `users` (`id`, `firstname`, `lastname`, `email`, `phone`, `created_at`, `updated_at`) VALUES (82, 'Willa', 'Waters', 'rau.glenda@example.com', '1-219-560-9885x722', '2002-06-24 17:16:35', '1971-06-04 12:21:36');
INSERT INTO `users` (`id`, `firstname`, `lastname`, `email`, `phone`, `created_at`, `updated_at`) VALUES (83, 'Ismael', 'Gutkowski', 'qanderson@example.net', '352.253.9156', '2007-08-10 17:51:13', '1977-02-05 13:03:40');
INSERT INTO `users` (`id`, `firstname`, `lastname`, `email`, `phone`, `created_at`, `updated_at`) VALUES (84, 'Cesar', 'VonRueden', 'runte.julie@example.net', '640.688.0322x1052', '2019-07-19 02:33:47', '2011-11-03 16:51:19');
INSERT INTO `users` (`id`, `firstname`, `lastname`, `email`, `phone`, `created_at`, `updated_at`) VALUES (85, 'Zita', 'Herman', 'djohns@example.com', '1-160-134-6196x7066', '2014-08-09 05:51:44', '2011-10-16 09:57:20');
INSERT INTO `users` (`id`, `firstname`, `lastname`, `email`, `phone`, `created_at`, `updated_at`) VALUES (86, 'Coleman', 'Dooley', 'osinski.johathan@example.org', '1-882-558-2993', '2009-11-03 05:36:31', '1996-11-05 13:52:45');
INSERT INTO `users` (`id`, `firstname`, `lastname`, `email`, `phone`, `created_at`, `updated_at`) VALUES (87, 'Herbert', 'Skiles', 'scollier@example.org', '1-780-688-5311', '1999-01-06 18:42:59', '2016-12-31 18:59:39');
INSERT INTO `users` (`id`, `firstname`, `lastname`, `email`, `phone`, `created_at`, `updated_at`) VALUES (88, 'Bette', 'Bosco', 'karelle59@example.com', '(846)537-7915x7847', '1986-08-04 15:29:00', '2011-08-09 02:00:11');
INSERT INTO `users` (`id`, `firstname`, `lastname`, `email`, `phone`, `created_at`, `updated_at`) VALUES (89, 'Creola', 'Heaney', 'wdouglas@example.net', '04448232825', '2005-10-01 20:04:12', '1973-01-05 06:22:43');
INSERT INTO `users` (`id`, `firstname`, `lastname`, `email`, `phone`, `created_at`, `updated_at`) VALUES (90, 'Nayeli', 'Reichert', 'hudson.tad@example.com', '+26(6)7060711390', '1970-05-18 04:54:59', '2007-10-02 16:16:14');
INSERT INTO `users` (`id`, `firstname`, `lastname`, `email`, `phone`, `created_at`, `updated_at`) VALUES (91, 'Keely', 'Russel', 'carol.thiel@example.org', '438.303.4476x4617', '1974-10-04 21:12:07', '1983-10-31 13:24:30');
INSERT INTO `users` (`id`, `firstname`, `lastname`, `email`, `phone`, `created_at`, `updated_at`) VALUES (92, 'Myriam', 'Murphy', 'dahlia.predovic@example.net', '(722)615-7848', '1986-07-11 01:56:33', '2003-05-11 13:17:23');
INSERT INTO `users` (`id`, `firstname`, `lastname`, `email`, `phone`, `created_at`, `updated_at`) VALUES (93, 'Christina', 'Okuneva', 'kunze.salma@example.net', '336-048-1556x0052', '1974-12-10 11:28:39', '1990-02-16 21:29:52');
INSERT INTO `users` (`id`, `firstname`, `lastname`, `email`, `phone`, `created_at`, `updated_at`) VALUES (94, 'Lindsay', 'Bradtke', 'srutherford@example.org', '775.159.5613', '2019-04-22 11:34:11', '1983-08-15 13:04:02');
INSERT INTO `users` (`id`, `firstname`, `lastname`, `email`, `phone`, `created_at`, `updated_at`) VALUES (95, 'Oran', 'Hodkiewicz', 'lesch.oscar@example.net', '(436)323-8704', '1993-10-27 01:49:07', '2014-06-01 11:30:20');
INSERT INTO `users` (`id`, `firstname`, `lastname`, `email`, `phone`, `created_at`, `updated_at`) VALUES (96, 'Jazmyn', 'Bradtke', 'rosella70@example.com', '1-875-639-2993x1119', '1973-01-13 13:52:43', '1992-03-14 00:01:03');
INSERT INTO `users` (`id`, `firstname`, `lastname`, `email`, `phone`, `created_at`, `updated_at`) VALUES (97, 'Jamarcus', 'Ortiz', 'bartell.madeline@example.com', '1-621-513-5401x9673', '1981-12-27 23:00:48', '2012-07-06 20:58:51');
INSERT INTO `users` (`id`, `firstname`, `lastname`, `email`, `phone`, `created_at`, `updated_at`) VALUES (98, 'Zion', 'Greenholt', 'kasandra.mcdermott@example.com', '(855)259-3145x457', '2012-03-04 19:41:02', '1986-08-27 13:22:22');
INSERT INTO `users` (`id`, `firstname`, `lastname`, `email`, `phone`, `created_at`, `updated_at`) VALUES (99, 'Daisha', 'Orn', 'vicente19@example.net', '710.923.3804x57889', '1971-08-04 21:00:03', '2014-11-14 11:14:05');
INSERT INTO `users` (`id`, `firstname`, `lastname`, `email`, `phone`, `created_at`, `updated_at`) VALUES (100, 'Nikki', 'Bode', 'abecker@example.net', '668.593.3928x15207', '2015-07-22 06:03:04', '1985-11-26 02:21:03');


